year,fueltype,bodytype,price,accel,range,mpge,refueltime_mins,cpmile,bev_energy,annmain,tax_credit,rebate,int_volume,total_sales
2015,cng,car,27.56,10.6,390,38.29,5,5,0,437,0,0,101,279.865478123013
2015,conv,car,25.1683403050752,7.8,506.460872346646,26.9083782929601,5,11.9702501944278,0,437,0,0,111,170529.254257093
2015,conv,minvan,29.4095639349348,7.46353667147021,525.141296865925,20.9430645630239,5,15.3801935798682,0,437,0,0,229.634200944705,12100.4843973195
2015,conv,suv,30.8158064396235,7.5,506,22.3692508356433,5,14.3992309647674,0,437,0,0,172,143994.577866234
2015,conv,truck,31.3426812650796,7.25211555562433,572.137249635657,18.4389697931502,5,17.4684771761026,0,437,0,0,128.667094715004,34078.4362052844
2015,conv,van,23.3742240648732,8.72597011592196,504.807966087077,25.9772607372349,5,12.3995301803697,0,437,0,0,287.263180322504,4778.31200447656
2015,ev,car,74.9611100119447,5.2842027234049,255,121.136909627753,547,4.99985697986417,70,196.65,7500,0,120,16729
2015,hybrid,car,28.7868932717313,8.9,806.23142457606,44.0158604674128,5,7.31783561852178,1.30204511096702,437,0,1.5,112.175770627173,13100.3701911878
2015,hybrid,suv,47.1326664716628,8.3037370665462,787.154328209203,36.3471837502661,5,8.86185776380025,1.53467160606883,437,0,1.5,171.979172649471,4045.5265495212
2015,hybrid,truck,30.83,10.5,667,42.18,5,7.63632053105737,1.3,437,0,1.5,131,427.173050760361
2015,phev,car,35.2563863665486,7.7696730887859,641.490405559038,40.635806308931,289.880480092429,4.92208862103677,15.9384264050836,275.31,7500,7.5,108.332738395904,8499.08887621876
2015,phev,suv,77.395,6.5,1114,31.71,196,7.3,10.8,275.31,4918.6,7.5,104,0.911123781241385
2016,cng,car,27.56,10.6,390,38.96,5,5,0,437,0,0,101,251.197765239996
2016,conv,car,24.5648880127727,7.66914332145455,512.949748985443,27.0455677149081,5,10.286357592637,0,437,0,0,113,167947.938711165
2016,conv,minvan,31.3705461759649,7.44031637925672,525.624862133112,20.7213667594571,5,13.4272615902342,0,437,0,0,229.163300332164,12759.4636422688
2016,conv,suv,30.7330173094585,7.6,508,22.5890286433993,5,12.3157137244481,0,437,0,0,170.092046608307,142417.377978455
2016,conv,truck,31.56,7.2,563.488839632618,18.33,5,15.177304964539,0,437,0,0,129.124700572532,33127.7873524814
2016,conv,van,23.3786297601094,8.72402816445344,504.816939410363,25.9758624355069,5,10.7101386411432,0,437,0,0,287.279698563703,4382.85726195939
2016,ev,car,69.1512561204001,5.27042983998039,255.813396387414,121.156201898621,551.758368866374,4.81507981545992,70.6100472905608,196.65,7500,0,120,13442.3131879801
2016,ev,suv,95.5,4.9,272,101.849,703,5.8,90,196.65,7500,0,199,2216.68681201994
2016,fuelcell,car,57.5,7.6,348,61.17,5,23.7,1.6,196.65,0,6,118,265
2016,hybrid,car,28.9811922628192,8.9,806.798998967008,44.0112537505509,5,6.32111780890623,1.30280215635628,437,0,1.5,112.143868860958,11573.7484787437
2016,hybrid,suv,47.1984419563516,8.28487949913899,787.951844657044,36.3404393476309,5,7.65544118318861,1.53515619522874,437,0,1.5,172.126460577907,3630.30397499877
2016,hybrid,truck,30.83,10.5,667,42.19,5,6.59397961602276,1.3,437,0,1.5,131,376.324834688449
2016,phev,car,34.9790805772481,7.76784843311241,640.292259344363,40.6539088522173,291.312678567632,4.58881680392901,16.0171973212197,275.31,7500,7.5,108.303928536652,10144.8390733433
2016,phev,suv,77.369,6.5,1114,31.74,196,6.6,10.8,275.31,4918.6,7.5,104,1.16092665666149
2017,cng,car,27.56,10.6,390,42.19,5,4.7,0,437,0,0,101,307.065166382237
2017,conv,car,23.7820145440209,7.6,520,27.3455318947917,5,11.263297606164,0,437,0,0,116,183627.715155846
2017,conv,minvan,31.4210499648405,7.4407693741206,525.632531879243,20.723936746914,5,14.8636927993802,0,437,0,0,229.158224987388,13057.2450418267
2017,conv,suv,31.4382784454911,7.5,511.538549677715,22.2480994842422,5,13.8438884835655,0,437,0,0,172,153256.635838915
2017,conv,truck,31.56,7.2,563.302987410406,18.33,5,16.8030551009274,0,437,0,0,129.268650705188,33923.0960662946
2017,conv,van,23.3790391835275,8.72398148086563,504.818259603857,25.9757582932553,5,11.8574262169469,0,437,0,0,287.272329158853,4480.84434905406
2017,ev,car,49.530863425156,5.15099304022966,322.584522921927,150.888221131825,598.736861111217,3.7,76.6418943318454,196.65,7500,0,115.068096619015,17453.803687075
2017,ev,suv,88.75,4.9,272,101.849,703,5.7,90,196.65,7500,0,199,1155.19631292504
2017,fuelcell,car,58.2947398273568,8.02677317894179,382.141854315343,63.5543188378742,5,22.8309690947443,1.45774227368607,196.65,0,6,116.103230315814,381.633270431404
2017,fuelcell,suv,50.81,10.5,363,57.7,5,25.1,1,196.65,0,6,153,191.366729568596
2017,hybrid,car,28.8488962487278,8.9,806.796424438951,44.0331346989157,5,6.99474724711399,1.30593344509018,437,0,1.5,112.219011937689,12628.2868271939
2017,hybrid,suv,47.1685126435815,8.29873312027364,787.383012717173,36.3499050823201,5,8.47328336976291,1.53618013305862,437,0,1.5,171.948943983336,3909.22384464096
2017,hybrid,truck,30.83,10.5,667,42.2,5,7.29857819905213,1.3,437,0,1.5,131,417.887709846568
2017,phev,car,34.7412472098598,7.76473164250012,639.472342256665,40.6805959723771,292.316481945432,4.6,16.0724065069988,275.31,7500,7.5,108.29040233071,3002.72409650752
2017,phev,suv,35.5572995705581,6.79999067115315,859.00792951982,34.5099144855706,314.996299557417,5.90002798654054,17.299797874985,275.31,7499.91972838249,7.5,175.997761076757,10690.2759034925
2018,cng,car,27.56,10.6,390,42.43,5,4.7,0,437,0,0,101,275.043052496569
2018,conv,car,22.6085834159818,7.6,526.17965794919,27.9,5,12.728681249884,0,437,0,0,116,169772.203324215
2018,conv,minvan,30.0596208595939,7.36865803293434,527.081014011087,20.6025569841463,5,17.2357521013804,0,437,0,0,228.461843371677,13432.6251072287
2018,conv,suv,31.8638838967288,7.5,514.754719405662,22.0700231495685,5,16.0897174888167,0,437,0,0,172,141867.724540038
2018,conv,truck,31.5947568684508,7.21539716947054,560.30583773926,18.3293533408142,5,19.3739749626887,0,437,0,0,132.491016400583,31357.1109908402
2018,conv,van,23.381327415512,8.72304692331591,504.823149669293,25.9750448452107,5,13.6710652784012,0,437,0,0,287.276161538443,3954.32836589403
2018,ev,car,49.7681711183943,5.15021541319756,321.927156523029,148.95638008922,599.162173364842,3.69712848587707,76.6964952292702,196.65,7500,0,115.106433000903,37087.2264079584
2018,ev,suv,88.75,4.9,272,101.849,703,5.6,90,196.65,7500,0,199,2539.77359204157
2018,fuelcell,car,54.0906759506334,8.02302744131766,381.842195305413,64.3499018377789,5,22.5359634115765,1.45899085289412,196.65,0,6,116.119878038588,515.838659232786
2018,fuelcell,suv,46.855,10.5,363,58.4,5,24.8,1,196.65,0,6,153,262.161340767214
2018,hybrid,car,28.8470213647487,8.9,806.963737531974,44.0364630112216,5,8.06379109141993,1.30623834355154,437,0,1.5,112.218136124563,11185.565654424
2018,hybrid,suv,47.2319380594496,8.2763017399391,788.379438470918,36.3435695131873,5,9.77070168343052,1.53593428391439,437,0,1.5,172.165103311212,3449.3964979771
2018,hybrid,truck,30.83,10.5,667,42.2,5,8.41469194312796,1.3,437,0,1.5,131,373.002466886782
2018,phev,car,34.7442824119315,7.76587742508907,639.626339261575,40.7231743449644,292.119719567603,4.52120217944654,16.0615845762182,275.31,7500,7.5,108.290543117261,1801.43256136589
2018,phev,minvan,40.379,8.8,868,35.18,315,5.7,17.3,275.31,7500,7.5,248,2770.60977095656
2018,phev,suv,35.1773058717713,6.74950417845973,861.019832861611,34.5652462752152,315,5.64852234870853,17.3,275.31,7500,7.5,170.236377434502,13082.9576676775
2019,cng,car,36.9527984212549,10.4414049826291,390.880869053558,36.4113908978832,5,4.8937748129514,0,437,0,0,101.465900455906,470.334653787252
2019,conv,car,22.1999111323008,7.6,540,28.0371621232919,5,13.1147370726005,0,437,0,0,116,163842.522187762
2019,conv,minvan,30.0663827301468,7.37283521840116,527.115151576604,20.6111379384799,5,17.8399886026324,0,437,0,0,228.445873139099,12005.9386416737
2019,conv,suv,31.8514486063034,7.5,516.342438480474,22.2200370860885,5,16.5481272455654,0,437,0,0,172,133169.278407482
2019,conv,truck,31.7568913275284,7.20208508894498,559.776833103591,18.3284460514064,5,20.0623265338823,0,437,0,0,133.807859747818,27566.4144971303
2019,conv,van,23.3775971627974,8.72498958002275,504.816574210528,25.976286811176,5,14.1554759601288,0,437,0,0,287.242924488296,3618.74989478915
2019,ev,car,47.5466378776964,5.15876795050633,318.418063331664,141.112969756275,598.751022537839,3.73252758049492,76.6437123528306,196.65,7500,0,115.031099764956,26762.6473264675
2019,ev,minvan,55.515,7.3,258,93.49,727,5.6,93,196.65,7500,0,238,3453.92328531256
2019,ev,suv,58.4605140984915,5.63611076848227,237.402793881333,95.5309612741167,652.944467743206,5.52083323054468,83.5958363142043,196.65,7500,0,176.18056617705,6948.42938821995
2019,fuelcell,car,53.3704145105023,8.39704455017746,420.367934949359,63.0001845298921,5,23.0157030170755,1.64442579993725,196.65,0,6,113.593163229184,464.161953323807
2019,fuelcell,suv,45.783,10.4,363,59.1,5,24.5,1,196.65,0,6,153,147.838046676193
2019,hybrid,car,30.2773244525873,8.85898209407267,802.968167095829,43.8944437421505,5,8.37694412087659,1.3,437,0,1.5,112,11212.5525286569
2019,hybrid,suv,47.2184413281167,8.27968122649319,788.308098074487,36.3574280091122,5,10.1135458810945,1.53617563379813,437,0,1.5,172.122224826112,3335.20218262399
2019,hybrid,truck,30.83,10.5,667,42.21,5,8.71120587538498,1.3,437,0,1.5,131,349.007006094554
2019,phev,car,35.3604939021764,7.78686073466107,651.712354226966,40.1236943105828,310.314414411455,4.75140057139935,17.06229279263,275.31,7485.84265759654,7.5,108.149077479683,1183.21738215729
2019,phev,minvan,40.4141823653714,8.8,842.446492519753,34.1804528870277,315,6.15923848168367,17.3,275.31,7500,7.5,240.593186237609,2060.900231191
2019,phev,suv,35.5707157366,6.8,861.774980265405,34.8593728230303,315,5.84614229496676,17.3,275.31,7500,7.5,172,10376.7066174628
2019,phev,truck,39.948,7.8,829,30.04,315,7.2,17.3,275.31,7500,7.5,126,1031.17576918895
2020,cng,car,37.297448815267,10.531852711738,390.897585045671,36.4628916509186,5,5.00401410514133,0,437,0,0,101.538531054795,327.703068218001
2020,conv,car,21.9561881322424,7.6,554,28.2,5,11.1063829787234,0,437,0,0,116.694747754705,124525.212778178
2020,conv,minvan,29.9304991420336,7.41930786345271,527.124784991421,20.7446808955438,5,15.0978891520998,0,437,0,0,228.455027914452,8996.24535596949
2020,conv,suv,31.7845624520972,7.5,517.463298425413,22.2521008194782,5,14.075105598703,0,437,0,0,172,102742.665767447
2020,conv,truck,31.4183134313634,7.26046394547564,557.335585181963,18.45,5,16.981542028681,0,437,0,0,142,21752.086545782
2020,conv,van,23.2969117080211,8.82079243114506,504.845645012197,26.1137277296153,5,11.9939120964767,0,437,0,0,287.210615729749,2641.41391249225
2020,ev,car,46.371295371499,5.16844617735272,309.614953777284,130.341038968044,595.163239880219,3.7968508424255,76.1831186332713,196.65,7500,0,115.218404625124,17431.2000485506
2020,ev,minvan,53.301,7.3,258,93.49,727,5.4,93,196.65,7500,0,238,2741.08914889325
2020,ev,suv,49.0712664968507,4.84861280585975,304.373932308361,127.908473892406,600.323756363008,4.22641769961566,76.8590073938589,196.65,7500,0,165.566579393895,15377.7108025562
2020,fuelcell,car,48.226486037565,8.34413742754257,419.895813645382,63.8514496061714,5,22.6829542729646,1.63733619697811,196.65,0,6,113.834421193449,222.239463364727
2020,fuelcell,suv,40.476,10.4,363,59.8,5,24.2,1,196.65,0,6,153,72.7605366352732
2020,hybrid,car,29.46766987417,8.9,803.756088713957,44.0758145014205,5,7.10594178476234,1.3,437,0,1.5,112,8130.28999913268
2020,hybrid,suv,45.9762053382773,8.27515363622121,791.567334985334,36.5309992597336,5,8.5736880550503,1.52802455394774,437,0,1.5,173.002399460467,2489.46691521221
2020,hybrid,truck,30.095,10.5,667,42.4,5,7.38679245283019,1.3,437,0,1.5,131,247.915657568405
2020,phev,car,34.1173421385217,7.7871473782658,651.715498576377,40.3942995230151,310.331019277392,4.40604885177165,17.0632060602566,275.31,7486.18554807815,7.5,108.148335094589,858.924547128367
2020,phev,minvan,38.966803343054,8.8,843.186907758213,34.3866880093538,315,5.55172702274277,17.3,275.31,7500,7.5,240.807799350207,1467.21113783261
2020,phev,suv,34.1267600076337,6.8,861.773942614939,35.0415803321599,315,5.27310337178639,17.3,275.31,7500,7.5,172,7488.15656221995
2020,phev,truck,38.5,7.8,829,30.19,315,6.4,17.3,275.31,7500,7.5,126,723.70775281907
2021,cng,car,37.0787327975189,10.4388583240361,390.862718306952,36.7244048619207,5,4.76212447654808,0,437,0,0,101.495173561177,362.859854633668
2021,conv,car,21.1604461705198,7.6,572.738947250141,28.4018616485416,5,14.4356794149153,0,437,0,0,117,129436.95017469
2021,conv,minvan,30.0711454552708,7.37694339079609,527.124293170556,20.8592891288829,5,19.6557276917045,0,437,0,0,228.432006868624,8461.14409730138
2021,conv,suv,31.8693167724195,7.5,518.712516037147,22.4275607645053,5,18.27383044662,0,437,0,0,172,100524.756842727
2021,conv,truck,31.56,7.3,555.373468225725,18.54,5,22.1143473570658,0,437,0,0,142,20390.5942124405
2021,conv,van,23.3729239723429,8.72739693037926,504.804778365767,26.2777877498178,5,15.602805852883,0,437,0,0,287.226156046571,2617.11171973607
2021,ev,car,51.0533191583793,5.1667868011335,307.432088762383,127.598704417492,595.061862992786,4.10895324078469,76.1701040328576,196.65,7500,0,115.294911235771,21324.5915862259
2021,ev,minvan,55.6581499257254,7.27844052333239,230.545816833664,91.627560507678,658.756744700822,5.87844052333239,84.2931019101049,196.65,7500,0,234.077973833381,4302.18317628687
2021,ev,suv,53.6807022891612,5.06033161450169,325.962307197036,136.413495064718,591.448589026369,4.05978089223467,75.7223631560087,196.65,7500,0,164.397287279657,29731.2252374872
2021,fuelcell,car,54.3261208195748,8.28816070165291,419.911639806607,64.810480094212,5,20.0791358829742,1.63973058080638,196.65,0,6,113.803458501111,652.843077058305
2021,fuelcell,suv,46.41,10.3,363,60.58,5,21.5,1,196.65,0,6,153,209.156922941695
2021,hybrid,car,29.6098286788661,8.84316077766703,803.265230573963,45.6570524681629,5,8.98001167995185,1.3,437,0,1.5,112,8948.40148187186
2021,hybrid,suv,46.2271517041037,8.21207797757026,791.063503186368,37.8446253764292,5,10.8338109211314,1.52634764240881,437,0,1.5,172.948937983406,2693.4148691618
2021,hybrid,truck,30.346,10.5,667,43.92,5,9.3351548269581,1.3,437,0,1.5,131,276.766747437986
2021,phev,car,34.9357433769218,7.7,829.410405843561,40.6668885410838,315,5.43599659236687,17.3,275.31,7500,7.5,115,2019.92465450318
2021,phev,minvan,39.8272513045332,8.7,842.396420917979,35.7239075458281,315,6.59685309080604,17.3,275.31,7500,7.5,240.578672729849,1755.46557820261
2021,phev,suv,35.3384067866844,6.8,859.468557319783,36.2132080222433,315,6.32355592064871,17.3,275.31,7500,7.5,172,11005.4143112554
2021,phev,truck,39.361,7.8,829,31.38,315,7.7,17.3,275.31,7500,7.5,126,930.195456038804
2022,cng,car,37.2067812590871,10.4361489455446,390.86292319514,36.82794715425,5,4.39245767531849,0,437,0,0,101.519555359696,320.751824303258
2022,conv,car,20.5691407712702,7.6,590,28.76,5,14.2559109874826,0,437,0,0,117,121341.748720767
2022,conv,minvan,30.0715712801859,7.37636353234914,527.108403764425,21.0973799480818,5,19.4338823469119,0,437,0,0,228.435299138273,7630.26620887911
2022,conv,suv,31.9714048697418,7.5,520.900221333749,22.6742875674015,5,18.0821566416186,0,437,0,0,172.210197360739,92202.5470984478
2022,conv,truck,31.56,7.3093521499828,555.276932129801,18.75,5,21.8666666666667,0,437,0,0,142,17531.0447490884
2022,conv,van,23.3724343038924,8.72772607718375,504.798963444066,26.5778968188239,5,15.4266176455166,0,437,0,0,287.251665553404,2350.95315075715
2022,ev,car,50.9612848434839,5.05326153159368,310.519427799982,128.000707767896,600.132624096382,4.01403423507927,76.8210801204815,196.65,7500,0,115.343186156833,14812.03858218
2022,ev,minvan,55.0901078813082,7.28835318462536,227.076385381124,91.3922008863785,650.132729375937,5.88835318462536,83.192796506585,196.65,7500,0,233.582340768732,2597.83403974421
2022,ev,suv,52.4024179170594,5.2,271.441042414857,135.934573197683,566.763525956813,4,72.5494733507885,196.65,7500,0,164.802275026573,24825.4470460463
2022,fuelcell,car,54.1721030551419,8.18586882545261,419.849719429609,65.5566359672176,5,17.5728386552241,1.63823563415167,196.65,0,6,113.873236337278,477.925686278702
2022,fuelcell,suv,46.256,10.2,363,61.17,5,18.8,1,196.65,0,6,153,154.837761233876
2022,hybrid,car,29.6176252802601,8.8,803.337185262538,47.4258812385703,5,8.64508047396339,1.3,437,0,1.5,112,7955.78462537216
2022,hybrid,suv,46.2189379440626,8.19380088520273,791.836301160603,39.3041298798009,5,10.431617120944,1.52488914349531,437,0,1.5,173.207264574435,2444.50612027348
2022,hybrid,truck,30.294,10.4,667,45.62,5,8.98728627794827,1.3,437,0,1.5,131,246.344497682185
2022,phev,car,34.8791901476779,7.70440069137622,832.51933652741,42.2658184064119,315,5.17714695033054,17.3,275.31,7500,7.5,115,1564.4410752971
2022,phev,minvan,39.7323002590209,8.64406276981342,837.596688828739,37.003710628616,315,6.40843938869395,17.3,275.31,7500,7.5,239.187446037316,1229.60069174018
2022,phev,suv,35.3850916048601,6.73776267840302,858.287066970821,37.7351382031427,315,6.11205485839551,17.3,275.31,7500,7.5,172,7724.9548658638
2022,phev,truck,39.26,7.8,829,32.68,315,7.4,17.3,275.31,7500,7.5,126,765.543054240519
2023,cng,car,39.3009545403765,10.3131156287524,390.564329782716,35.5813663609604,5,4.54367842233304,0,437,0,0,102.033263189535,311.838181255386
2023,conv,car,19.2568592962451,7.6,605.824000931837,29.0901310383096,5,14.0941269768228,0,437,0,0,117,121867.372638682
2023,conv,minvan,30.0754157335859,7.37263907028657,527.09824197593,21.337848606733,5,19.2147689553043,0,437,0,0,228.448547468371,7568.67021436045
2023,conv,suv,32.0064803736091,7.5,523,22.8449057173021,5,17.9471265651589,0,437,0,0,172.36806226699,92002.0434952301
2023,conv,truck,31.56,7.3,555.059576630633,18.97,5,21.6130732735899,0,437,0,0,142,17589.0497494356
2023,conv,van,23.3771564089779,8.72562038197286,504.807039230518,26.8863767545917,5,15.249617878418,0,437,0,0,287.280986495855,2263.94504266667
2023,ev,car,49.3626365135943,5.04274902321074,328.657677459016,152.677843199541,605.134419481161,3.4,77.4632025009599,196.65,7500,0,114.790089962395,12811.4466733586
2023,ev,minvan,55.2698952111215,7.20515165513946,230.397690525893,91.6175119011041,658.388545021504,5.77886374135459,84.2461247096402,196.65,7500,0,234.05681293227,2090.34090202855
2023,ev,suv,53.2678873191516,5.0472279803042,329.615064238867,135.324273194069,588.875403031149,3.97697484372725,75.3928147741647,196.65,7500,0,164.363563280894,27176.9361426373
2023,fuelcell,car,53.5801201614501,8.08903574839769,419.419789665869,66.3903702395185,5,15.0854166961083,1.62294166270763,196.65,0,6,114.937123890943,647.069460303742
2023,fuelcell,minvan,54.814,10.3,459,58.36,5,17.1,1.9,196.65,0,6,242,487.270029458084
2023,fuelcell,suv,46.7371814890112,10.1,444.525946896524,59.8331360405918,5,16.7435063126435,1.80010320135526,196.65,0,6,164.019273341619,877.975927646178
2023,hybrid,car,29.8393042046417,8.8,803.108451944796,49.1782742047674,5,8.33702227470364,1.3,437,0,1.5,112,7198.21188946199
2023,hybrid,suv,46.2582989993165,8.15458800296775,792.686357232626,40.641852878331,5,10.089441363282,1.52594632688553,437,0,1.5,173.39506447287,2244.01204755318
2023,hybrid,truck,30.241,10.4,667,47.35,5,8.65892291446674,1.3,437,0,1.5,131,216.600074373016
2023,phev,car,34.6816481055241,7.6,826.228540523409,43.9677488215132,313.306810466693,4.9,17.2153405233346,275.31,7500,7.5,115,1565.34543628417
2023,phev,minvan,39.6245096568917,8.6,842.208775520778,38.6900502518845,315,5.9616501034124,17.3,275.31,7500,7.5,240.524282759646,1480.7744014721
2023,phev,suv,34.911739447508,6.7,859.373268266534,39.2739054176401,315,5.63398364756204,17.3,275.31,7500,7.5,172,9674.04509572745
2023,phev,truck,39.158,7.7,829,33.97,315,6.9,17.3,275.31,7500,7.5,126,758.200462171976
2024,cng,car,39.6841510141129,10.065720304826,390.547234086237,35.5084815641922,5,4.47246410958304,0,437,0,0,102.10807316739,296.99814007295
2024,conv,car,19.1950236696518,7.6,605.675865748897,29.43,5,13.9313625552158,0,437,0,0,117,114151.697239432
2024,conv,minvan,30.0818812422082,7.37290192875041,527.107917683154,21.577400426736,5,19.0014434936188,0,437,0,0,228.447523522885,7182.71962612056
2024,conv,suv,32.01428777529,7.5,523,23.0752903436773,5,17.7682901589724,0,437,0,0,172.423925089921,87665.0304815402
2024,conv,truck,31.8053173751548,7.27109481621017,555.819858323391,19.0963889384539,5,21.4702556393058,0,437,0,0,142,15805.3867930257
2024,conv,van,23.3774115090635,8.72572156606126,504.805117074548,27.1932236617814,5,15.07755775397,0,437,0,0,287.289350126511,2139.88337238328
2024,ev,car,41.3306963946447,5.04473403258132,337.018441353314,154.070308533169,606.174086639457,3.3,77.5966732847951,196.65,7500,0,114.640342550656,11985.5803004124
2024,ev,minvan,46.9614781177401,7.17165323959488,232.921366141794,91.7887132478857,664.661681552459,5.57165323959488,85.0464904049689,196.65,7500,0,234.417338020256,1922.16400218171
2024,ev,suv,45.6499840756792,5.0026734785317,325.150124796289,135.961153888592,578.24313799353,3.831612970898,74.0311387254872,196.65,7500,0,164.46125824774,30871.3317931242
2024,fuelcell,car,40.222934356631,8.02785354370475,417.989113911623,67.538204300771,5,12.561696867165,1.57701812029899,196.65,0,6,115.429158718802,825.028320249793
2024,fuelcell,minvan,42.7289007487255,10.5673465638892,464.346931277785,57.1393134410049,5,14.9010198458338,1.9,196.65,0,6,234.982152697908,903.049490776432
2024,fuelcell,suv,36.1564082518731,9.96949817960899,475.930473301663,62.0168537449406,5,13.7111651796343,1.81966772100866,196.65,0,6,162.163449310953,1889.82221151535
2024,hybrid,car,29.1561849870514,8.8,803.270207830295,50.9993879723826,5,8.03932087749487,1.3,437,0,1.5,112,7083.0409620553
2024,hybrid,suv,45.5480497008327,8.15491084648976,792.408039129564,42.0918595483878,5,9.74223561045931,1.52786133237553,437,0,1.5,173.437198504696,2242.16467976724
2024,hybrid,truck,29.552,10.4,667,49.1,5,8.35030549898167,1.3,437,0,1.5,131,213.330958770268
2024,phev,car,31.4387970369177,7.58693841694068,824.566696154446,45.6799754305806,315,4.78065969170251,17.3,275.31,7500,7.5,115,1858.67494316311
2024,phev,minvan,35.7972127755141,8.6,807.08675149653,39.2358807597425,315,5.81122258727057,17.3,275.31,7500,7.5,230.343985941023,2546.74639024626
2024,phev,suv,31.1041121541472,6.65107725219702,812.677332206224,40.8160883235819,315,5.3,17.3,275.31,7500,7.5,165.011933287677,24744.6849695157
2024,phev,truck,35.863,7.7,829,35.3,315,6.6,17.3,275.31,7500,7.5,126,883.983776271457
2025,cng,car,40.2889179313973,9.97028707263285,390.521116703005,35.269855702977,5,4.51719800250941,0,437,0,0,102.223007370592,310.098181208384
2025,conv,car,19.5203200683286,7.6,605.219848329833,29.76,5,13.7768817204301,0,437,0,0,117,116833.641257216
2025,conv,minvan,30.0930516488655,7.37329468654484,527.136033617405,21.8263919074506,5,18.7846662283041,0,437,0,0,228.444973233112,7440.56593718048
2025,conv,suv,32.0232393158392,7.5,524,23.3225426639276,5,17.5795597994845,0,437,0,0,172.032232956628,90393.3117251021
2025,conv,truck,31.8831576855018,7.26597713099563,555.693124820803,19.3083157535868,5,21.2345736416026,0,437,0,0,142,16479.2371130828
2025,conv,van,23.3784398200572,8.72556471831549,504.805149554461,27.502900235157,5,14.9077823613489,0,437,0,0,287.294581191365,2198.64455258227
2025,ev,car,34.8134611332135,5.01607094793674,348.340350785715,154.576697343314,608.775569456835,3.57760666141646,77.9306474302693,196.65,7500,0,114.659484952961,5336.94457386506
2025,ev,minvan,39.4844387502656,7.05682170596861,238.112402910988,92.1408632946188,677.565115807314,5.47576227462481,86.6927906374848,196.65,7500,0,235.15891470157,921.82241224434
2025,ev,suv,41.2748902469613,4.92186098070228,335,130.776,680,4,87.1,196.65,7500,0,162.289138642128,25223.1438439075
2025,fuelcell,car,31.5048921104349,8.40616524991009,424.711533552965,71.3894889808708,5,9.84766519901255,1.8,196.65,0,6,113.041053754152,1112.18372371238
2025,fuelcell,minvan,39.5335522552648,10.5654693652796,464.309387305593,57.4704572765862,5,12.2318367065995,1.9,196.65,0,6,235.03142916141,601.173687366264
2025,fuelcell,suv,33.6643094648309,9.9114309645851,480.41342846171,60.4283522409327,5,11.6215036844538,1.8,196.65,0,6,163.608585426924,1902.42388135045
2025,fuelcell,truck,51.181,8.2,473,40.36,5,17.3,1.8,196.65,0,6,113,159.001046140341
2025,hybrid,car,28.6014753813229,8.78254235267026,803.54212219467,52.8248162119528,5,7.76151199102954,1.3,437,0,1.5,112,7546.82437086954
2025,hybrid,suv,44.9014334707484,8.06897897287911,792.785562469238,43.5568229788912,5,9.41484105559828,1.53033470805977,437,0,1.5,173.492652715366,2425.16651924109
2025,hybrid,truck,28.924,10.4,667,50.87,5,8.05976017298997,1.3,437,0,1.5,131,226.739888019444
2025,phev,car,28.494318018793,7.57965717427327,824.309132338938,47.4197578012286,314.20966053004,4.54846283287937,17.260483026502,275.31,7500,7.5,115,1958.05007339914
2025,phev,minvan,32.8392044570546,8.6,806.878083863302,40.6807839533527,315,5.63370060668702,17.3,275.31,7500,7.5,230.283502569073,2671.23619255587
2025,phev,suv,29.2128923510984,6.5,781,41.0661534209778,315,5.3,17.3,275.31,7500,7.5,165,37864.2350154888
2025,phev,truck,32.914,7.7,829,36.64,315,6.5,17.3,275.31,7500,7.5,126,922.314807250284
2026,cng,car,62.0462259773727,9.4,391.417669785607,32.5466650163159,5,4.84937259209424,0,437,0,0,106.573283745017,154.30944161168
2026,conv,car,19.1843360221127,7.6,605.616994455986,30.1,5,13.6212624584718,0,437,0,0,117,106699.084860728
2026,conv,minvan,30.0974557883763,7.37374481666486,527.139129300017,22.0764005827205,5,18.5719340456988,0,437,0,0,228.443633312737,6868.5721128972
2026,conv,suv,32.0673651030008,7.5,524,23.59,5,17.3802458668928,0,437,0,0,172,83066.8586685034
2026,conv,truck,31.9209643555895,7.26372764684436,555.619920097025,19.5280863196154,5,20.9817396412815,0,437,0,0,142,15238.9595841404
2026,conv,van,23.3780821502398,8.72590422302666,504.802055487372,27.8199340953167,5,14.7379090883299,0,437,0,0,287.301484421315,2028.86528802218
2026,ev,car,33.58236889161,4.94372118730706,334.078475851099,151.970380074975,625.411325202047,3.63652526808882,80.0642392700293,196.65,7500,0,114.061658135683,6529.98760676906
2026,ev,minvan,38.8583273194536,6.97183241112376,239.143992080013,92.2108443389137,680.129351741747,5.37183241112376,87.0199517739471,196.65,7500,0,235.306284582859,966.014950091478
2026,ev,suv,40.763,4.7,333.406045720548,128.919617346046,713.978221917091,3.98570557035797,91.3561332956406,196.65,7500,0,162,39360.2954369889
2026,fuelcell,car,25.3094070188681,8.5149519786997,430.911505179282,73.699755051198,5,8.91976907221079,1.8,196.65,0,6,111.624290093986,1883.57829896312
2026,fuelcell,minvan,38.5720898692206,10.4982222394294,464.301728700966,57.9094813897101,5,11.4313580438104,1.9,196.65,0,6,235.041481079982,656.369163272503
2026,fuelcell,suv,34.1753586697742,8.3,472.663512872352,60.6481373478584,5,10.869302811587,1.8,196.65,0,6,164.428237610763,3076.78006076067
2026,fuelcell,truck,49.585,8.2,473,40.68,5,16.2,1.8,196.65,0,6,113,170.820662094436
2026,hybrid,car,28.5255034234275,8.78787752497942,803.289669004897,52.8689005061326,5,7.75504006379122,1.3,437,0,1.5,112,6905.31685714805
2026,hybrid,suv,44.85627905178,8.06068479833332,793.175639409707,43.5603055716333,5,9.41425381136223,1.53030415818866,437,0,1.5,173.571276937887,2248.30848127244
2026,hybrid,truck,28.87,10.4,667,50.9,5,8.05500982318271,1.3,437,0,1.5,131,208.259329323115
2026,phev,car,28.2684946532624,7.5,824.15777091039,47.6987586663359,314.225271221916,4.53680573629795,17.2612635610958,275.31,7500,7.5,115,1852.71077906054
2026,phev,minvan,32.608785068354,8.5,806.857348162631,40.8795500454255,315,5.63382441015797,17.3,275.31,7500,7.5,230.277492221052,2531.21479610728
2026,phev,suv,28.91,6.4,770.760639336216,38.2167924990998,315,5.3,17.3,275.31,7500,7.5,165,41715.6494023604
2026,phev,truck,32.682,7.7,829,36.8,315,6.5,17.3,275.31,7500,7.5,126,864.776736108746
2027,cng,car,60.8873651032828,9.05811412058504,386.679189266471,31.0052933049694,5,5.04726905268404,0,437,0,0,105.787084228342,259.231476970923
2027,conv,car,18.9861108057838,7.6,607.33097149782,30.4422338233458,5,13.4681314798697,0,437,0,0,117,94954.4104644223
2027,conv,minvan,30.1014484429226,7.3742020219101,527.141105985432,22.3264964944096,5,18.3638953065866,0,437,0,0,228.442301388887,6214.94246888389
2027,conv,suv,32.0831311722831,7.5,524,23.8138344894614,5,17.2169310527793,0,437,0,0,172.419087252947,74472.2796224119
2027,conv,truck,32.1738414054344,7.2700685725227,555,19.6994751063825,5,20.8127595980558,0,437,0,0,142,13328.7745118815
2027,conv,van,23.3776359038223,8.72627216613184,504.798835275315,28.1400814726071,5,14.5702306781165,0,437,0,0,287.308135421325,1836.04609467243
2027,ev,car,33.5950513987659,4.87177516331258,313.479129694301,127.993906968521,624.16143282137,3.81517434527718,79.8863973448341,196.65,7500,0,113.784820469446,7341.64212745952
2027,ev,minvan,38.5872984191408,6.3555660369085,278.246436096391,86.1143059203559,823.787840851038,5.72413506013792,105.394769415107,196.65,7500,0,214.552728951727,2096.69773091113
2027,ev,suv,40.084,4.63370263053763,334.744206490901,128.61,745.190615060521,3.9,95.3309701925451,196.65,7500,0,162,56244.0596791473
2027,ev,truck,49.842,6,263,73.921,937,6.7,119.9,196.65,7500,0,128,424.973699740777
2027,fuelcell,car,25.8335011096481,8.43692248237685,436.334258885505,72.2006260765477,5,8.58802298547828,1.8,196.65,0,6,112,2793.92042231287
2027,fuelcell,minvan,38.2140157891017,10.4977917628223,464.294075783507,58.3251596702184,5,10.6308797364692,1.9,196.65,0,6,235.051525534147,682.895148687833
2027,fuelcell,suv,35.3024069714443,8.63095499799639,470.142270807824,60.7667164260865,5,10.238996505088,1.8,196.65,0,6,165.43993209354,3945.26606230904
2027,fuelcell,truck,49.121,8.2,473,40.98,5,15.1,1.8,196.65,0,6,113,172.290941939359
2027,hybrid,car,29.0266064836193,8.624187699676,795.664563215332,52.8191241055178,5,7.7623400258511,1.3,437,0,1.5,112.232344912384,6414.03194382351
2027,hybrid,suv,44.8074257363336,8.05365983230933,793.510689842611,43.5397139229929,5,9.41882273663045,1.53034892043907,437,0,1.5,173.637291417545,2041.37494617963
2027,hybrid,truck,28.816,10.4,667,50.91,5,8.05342761736397,1.3,437,0,1.5,131,187.398343779137
2027,phev,car,30.1644128040209,7.43989199695734,787.433837123578,47.5308199742387,315,4.66505000524696,17.3,275.31,7500,7.5,115,2069.18270609239
2027,phev,minvan,32.3776102922639,8.5,806.845901045109,41.0286675546024,315,5.71188393918363,17.3,275.31,7500,7.5,230.274174215974,2341.4713444316
2027,phev,suv,28.611,6.4,761.72424733335,37.9320195670643,315,5.3,17.3,275.31,7500,7.5,165,41262.4353875617
2027,phev,truck,32.451,7.7,829,36.92,315,6.5,17.3,275.31,7500,7.5,126,793.59880351344
2028,cng,car,60.5160302454632,9.04680161385691,386.453612463267,31.1077296792778,5,4.95779946521695,0,437,0,0,105.80024143696,241.595879328782
2028,conv,car,18.9831118031774,7.6,609.164348492427,30.7944683912784,5,13.3140798365719,0,437,0,0,117,85224.7960470147
2028,conv,minvan,30.1073674999305,7.37471391480542,527.150890997181,22.5767334413518,5,18.1603559588615,0,437,0,0,228.44031321854,5638.49441764344
2028,conv,suv,32.0888093713254,7.5,524,23.9702978686952,5,17.1045022011926,0,437,0,0,173,67605.0362749702
2028,conv,truck,32.1924733451659,7.2633800930586,555,19.925073866068,5,20.5771230061212,0,437,0,0,142,12125.0474954513
2028,conv,van,23.3775072286823,8.72653256509433,504.79646787051,28.4501276676841,5,14.4114402023271,0,437,0,0,287.31323061633,1663.18437983273
2028,ev,car,32.8559384985818,4.75461969147898,377.419968172253,145.062708060357,720.595062539331,3.44901120994031,92.2393715959148,196.65,7500,0,111,12301.4668172911
2028,ev,minvan,37.7575557729239,6.30186278577974,278.404532228788,86.113948130019,824.543617483963,5.64833846608998,105.491555096161,196.65,7500,0,214.540768434254,2105.9348926859
2028,ev,suv,39.6624959049898,4.5,335,129.642,766,3.8,98,196.65,7500,0,161.002930910456,76719.8842603953
2028,ev,truck,48.938,6,263,73.921,937,6.6,119.9,196.65,7500,0,128,432.274945617905
2028,fuelcell,car,25.1480126997771,8.31443719730981,438.533287792261,71.6202320591427,5,8.12428993803995,1.8,196.65,0,6,112,2802.59077811537
2028,fuelcell,minvan,37.8566483413015,10.4643079079794,464.286158159589,58.7710256101751,5,9.86430790797945,1.9,196.65,0,6,235.06191741554,720.322485880528
2028,fuelcell,suv,34.8562327399538,8.65172871640641,470.154385394877,61.2629313893214,5,9.43872771942609,1.8,196.65,0,6,165.438083981284,4173.3977698576
2028,fuelcell,truck,48.656,8.2,473,41.3,5,14,1.8,196.65,0,6,113,175.96690578925
2028,hybrid,car,29.1242035731781,8.56078424353163,795.786371072073,52.86,5,7.75372832235978,1.3,437,0,1.5,112.218853700466,5810.05124465601
2028,hybrid,suv,44.7671083887045,8.04394713601815,793.969335980858,43.538898938261,5,9.41913685864271,1.53034514119889,437,0,1.5,173.727026340229,1863.15388468584
2028,hybrid,truck,28.762,10.4,667,50.95,5,8.04710500490677,1.3,437,0,1.5,131,169.102838445881
2028,phev,car,29.999881975845,7.4,786.593183591775,47.6974912642559,315,4.66760197418215,17.3,275.31,7500,7.5,115,1909.82064080527
2028,phev,minvan,32.1473528104992,8.4,806.861645652623,41.1503661514671,315,5.71195117980439,17.3,275.31,7500,7.5,230.278737870325,2158.09107480223
2028,phev,suv,28.312,6.4,761.698424534747,38.0148248722182,315,5.3,17.3,275.31,7500,7.5,165,37834.4350709554
2028,phev,truck,32.219,7.6,829,37.02,315,6.5,17.3,275.31,7500,7.5,126,727.003525879265
2029,cng,car,60.5559547790085,9.03168848654905,386.146172276692,31.1889092102281,5,4.7813047987967,0,437,0,0,105.818548012787,225.498807600855
2029,conv,car,18.9834825710211,7.6,609.165790704066,31.1346233063555,5,13.1686195936718,0,437,0,0,117,75988.3548383978
2029,conv,minvan,30.1167777119235,7.37529683393165,527.174480892324,22.8267155006303,5,17.9614772234745,0,437,0,0,228.437289946944,5081.50797305903
2029,conv,suv,32.1255173545734,7.5,524.631185766533,24.2201378913356,5,16.9280622096193,0,437,0,0,173,60937.2576715074
2029,conv,truck,32.1161714862232,7.2,555,20.1649941879554,5,20.3322982224429,0,437,0,0,142,10316.0676102339
2029,conv,van,23.3780063518478,8.72657953710798,504.795699035446,28.7768945476049,5,14.2478097220822,0,437,0,0,287.315870980037,1491.68431744722
2029,ev,car,29.808,4.2,353,153.895,604,3.2,77.3,196.65,7500,0,114,31361.5461075149
2029,ev,minvan,36.9284747812963,6.24893252052668,278.548629620451,86.1133628817183,825.232473307524,5.62422513068593,105.579770816423,196.65,7500,0,214.521204259925,2075.60178060712
2029,ev,suv,39.6030419445257,4.44773320832556,335,129.315442661979,766,3.8,98,196.65,7500,0,160,81889.1918831516
2029,ev,truck,42.1823624709303,6.37499737028364,261.928578942047,73.6199306827151,937,6.65357105289766,119.9,196.65,7500,0,128,932.476576005805
2029,fuelcell,car,24.773649644563,8.31992424649789,438.397538648673,72.389051829956,5,7.48320763793503,1.8,196.65,0,6,112,3014.19826858949
2029,fuelcell,minvan,37.4987223075646,10.4637781005206,464.275562010412,59.197656360568,5,9.16377810052058,1.9,196.65,0,6,235.075824861335,759.060649612691
2029,fuelcell,suv,34.4214071716024,8.59451887010218,470.16681086376,61.731018957514,5,8.73510098528417,1.8,196.65,0,6,165.435983416137,4409.86781168608
2029,fuelcell,truck,48.192,8.2,473,41.62,5,13,1.8,196.65,0,6,113,180.070751723532
2029,hybrid,car,29.2955360781037,8.53103995070017,795.938409739428,52.88,5,7.75271459405942,1.3,437,0,1.5,112.198995688542,5210.28121554517
2029,hybrid,suv,44.7389428131752,8.03097642415012,794.587726825581,43.4983940857955,5,9.42810977726985,1.5304681930979,437,0,1.5,173.842423286509,1690.13639442833
2029,hybrid,truck,28.708,10.4,667,50.96,5,8.04552590266876,1.3,437,0,1.5,131,150.752443115407
2029,phev,car,29.8738353321018,7.4,785.289280838135,47.8215890506404,315,4.74806939909775,17.3,275.31,7500,7.5,115,1740.51240068498
2029,phev,minvan,31.9199564130288,8.4,806.919373989763,41.250289096094,315,5.71196145385414,17.3,275.31,7500,7.5,230.295470721671,1959.24943766062
2029,phev,suv,28.012,6.4,761.633035911343,38.0786672266126,315,5.3,17.3,275.31,7500,7.5,165,34168.2297513674
2029,phev,truck,31.987,7.6,829,37.1,315,6.5,17.3,275.31,7500,7.5,126,656.988160744211
2030,cng,car,60.8715080533924,8.99421759853998,386.078799871007,31.2102465004853,5,4.99644798237101,0,437,0,0,106,207.806576401272
2030,conv,car,18.9886392864797,7.6,606.115105661282,31.4821528705989,5,13.0232518936191,0,437,0,0,117,67710.9108475075
2030,conv,minvan,30.1502791294536,7.37619542221155,527.203373344762,23.0871591224526,5,17.7588585390393,0,437,0,0,228.432891544115,4531.48606524823
2030,conv,suv,32.1800794339652,7.5,526.296928909208,24.3757892066036,5,16.8200513058467,0,437,0,0,173,54414.4792188733
2030,conv,truck,32.0362599363991,7.2,555,20.4243321364064,5,20.0742697717772,0,437,0,0,142,8631.29089948352
2030,conv,van,23.3783233066261,8.72673908128139,504.794757576115,29.0968067547777,5,14.0911529109639,0,437,0,0,287.31512675937,1325.47749110601
2030,ev,car,29.197,4.17885540880396,353,153.895,604,3.2,77.3,196.65,7500,0,114,48179.7913192531
2030,ev,minvan,36.1003645570675,6.24584569113642,278.68925184823,86.1120929113251,825.904716152513,5.62434642680753,105.665859058306,196.65,7500,0,214.478750617363,2024.03142712424
2030,ev,suv,39.3774561947656,4.42955953350548,335,129.394399570757,766,3.8,98,196.65,7500,0,160,87026.7521501193
2030,ev,truck,37.3315410252051,5.76323325900574,265.051501114914,74.4974718132908,937,6.54616990110749,119.9,196.65,7500,0,123.693592088599,1694.0306497363
2030,fuelcell,car,24.5155951245452,8.29069534544393,438.356815743809,72.6510711298199,5,6.9087797889656,1.8,196.65,0,6,112,3172.04634833433
2030,fuelcell,minvan,37.1412338075987,10.4626239250414,464.252478500829,59.6315800619321,5,8.42979593441127,1.9,196.65,0,6,235.106121967662,814.340678792059
2030,fuelcell,suv,33.9513125374611,8.62406458043131,470.186513042948,62.199674652768,5,8.02989463171444,1.8,196.65,0,6,165.431873222286,4749.90411986663
2030,fuelcell,truck,47.727,8.2,473,41.93,5,11.9,1.8,196.65,0,6,113,184.939781054568
2030,hybrid,car,30.2400657678531,8.5,799.748244419222,52.9,5,7.75047258979206,1.36119844928068,437,0,1.5,112.310826167881,4497.18942462115
2030,hybrid,suv,44.7105512943896,8.01826417971867,795.19750265757,43.4614217467601,5,9.43626582022907,1.53060152357335,437,0,1.5,173.956168604329,1527.0006948391
2030,hybrid,truck,28.654,10.4,667,50.98,5,8.0423695566889,1.3,437,0,1.5,131,133.811083751259
2030,phev,car,29.8446610247438,7.31679645519715,782.523645955792,47.9105016328878,315,4.78175934319592,17.3,275.31,7500,7.5,115,1588.45748201109
2030,phev,minvan,31.6917584050566,8.4,806.985251753103,41.3404031069102,315,5.81194625241197,17.3,275.31,7500,7.5,230.314565725537,1767.83325961354
2030,phev,suv,27.713,6.4,761.604945270945,38.1321148528805,315,5.3,17.3,275.31,7500,7.5,165,30722.3991102956
2030,phev,truck,31.756,7.6,829,37.16,315,6.6,17.3,275.31,7500,7.5,126,590.58603235667
2031,cng,car,67.808812528589,8.67925751522072,377.264344593609,30.6186188783015,5,4.91647540541855,0,437,0,0,108.351519612235,115.388486109743
2031,cng,suv,40.7864674354236,9.12003267147245,379.097596313099,30.7748051380036,5,5.05003500514905,0,437,0,0,158.899369907317,294.792690858527
2031,conv,car,18.9801962694039,7.6,609.355721628324,31.8362440971409,5,12.8784038794469,0,437,0,0,117,60689.8022748919
2031,conv,minvan,30.1936730526066,7.37709149747061,527.21894042343,23.3383905138773,5,17.5677016392304,0,437,0,0,228.42922771485,4122.59543018492
2031,conv,suv,32.4269129383392,7.5,530.87386518869,24.6445293073039,5,16.6366295707769,0,437,0,0,173,49795.7084573713
2031,conv,truck,32.0602367099902,7.2,555,20.6414539235732,5,19.8631004748777,0,437,0,0,142,7871.03665343676
2031,conv,van,23.377913706235,8.72715238562359,504.792193542959,29.416965326872,5,13.9377864812475,0,437,0,0,287.31539405022,1206.42226765286
2031,ev,car,29.015,4.2,352.179623110303,153.895,604,3.2,77.3,196.65,7500,0,114,60102.901181928
2031,ev,minvan,36.2358053310742,5.9520096983399,278.161241863804,85.6245361373412,885.757623906724,5.67091345393112,113.330695714586,196.65,7500,0,198.180291124109,2408.06384166684
2031,ev,suv,39.157,4.4,335,128.61,778.974862377779,3.8,99.6867321091113,196.65,7500,0,160,90524.0082048296
2031,ev,truck,37.0731777243758,5.76326727901385,265.050990814792,74.4973284189566,937,6.55442242633795,119.9,196.65,7500,0,123.711996069818,1580.24517656319
2031,fuelcell,car,24.0744515076059,8.33757843784994,438.326577834304,72.716509266815,5,6.72762122361528,1.8,196.65,0,6,112.444554153563,3013.70262107735
2031,fuelcell,minvan,36.6662309356341,10.4615685433782,464.231370867565,59.8515446378473,5,8.22887247545595,1.9,196.65,0,6,235.133825736322,800.067742118011
2031,fuelcell,suv,32.6541012089869,8.38540657695551,471.26201234058,62.5615716746157,5,7.8,1.8,196.65,0,6,164.910360356068,5392.46963731899
2031,fuelcell,truck,47.057,8.1,473,42.08,5,11.6,1.8,196.65,0,6,113,179.281535927813
2031,hybrid,car,30.3461237912652,8.5,799.600286413781,53.423454748755,5,7.67453181708951,1.37953099819033,437,0,1.5,112.262671302135,4110.43470712507
2031,hybrid,suv,43.707271112364,7.99639956858116,757.760292458148,44.6343684447842,5,9.18596652661847,1.7,437,0,1.5,171.316762655037,2337.39394942208
2031,hybrid,truck,28.63,10.4,667,51.49,5,7.96271120605943,1.3,437,0,1.5,131,121.577795119128
2031,phev,car,29.5943295571019,7.30551923654686,785.489074606565,48.4381938584985,315,4.8476648482291,17.3,275.31,7500,7.5,115,1424.51244730692
2031,phev,minvan,31.6193826730179,8.4,807.033394492739,41.751597140201,315,5.81192168653101,17.3,275.31,7500,7.5,230.328520142823,1609.13208374894
2031,phev,suv,27.618,6.31084754448474,757.988024463287,37.8159844211086,437.012170460074,5.4,24.0390442986669,275.31,7500,7.5,165,29689.5666840516
2031,phev,truck,31.68,7.6,829,37.55,315,6.7,17.3,275.31,7500,7.5,126,537.163011819762
2032,cng,car,67.459168603717,8.67623583596128,377.261753038031,30.7225912389918,5,4.85825497974646,0,437,0,0,108.479703297368,111.729600608138
2032,cng,suv,40.4541255788001,9.12301426911234,378.878235915307,30.8579574463133,5,4.95322957404893,0,437,0,0,159.539714617753,281.654951048485
2032,conv,car,18.9797791896272,7.6,609.342410437791,32.1868330879836,5,12.7381282726481,0,437,0,0,117,56342.6254023689
2032,conv,minvan,30.0127595464632,7.407494204498,526.364411373922,23.5447540094568,5,17.4139096699806,0,437,0,0,228.680866612013,3657.66655870769
2032,conv,suv,32.5523122652094,7.5,531.01917829434,24.8418691331756,5,16.504409422236,0,437,0,0,172.468669966722,46391.4307394445
2032,conv,truck,32.3194869627544,7.22702458887861,555,20.8094273948524,5,19.702663316699,0,437,0,0,142,6992.35579081356
2032,conv,van,23.3776796362689,8.72742403074178,504.789868149149,29.747048876857,5,13.7831223578726,0,437,0,0,287.31983296298,1124.6908733752
2032,ev,car,28.6300509442143,4.2,340,154.905488776335,583.500176967986,3.2,74.6980993843983,196.65,7500,0,114.901398498822,68402.0367701732
2032,ev,minvan,36.0116085203433,5.95155938227247,278.135275857386,85.6243033191111,885.867951343246,5.67912518837134,113.344824381201,196.65,7500,0,198.172508279741,2272.2129570596
2032,ev,suv,38.936,4.4,338,128.607597000046,820.934275505628,3.8,105.091549707866,196.65,7500,0,160,95745.1777094613
2032,ev,truck,36.8132781096256,5.76323424118764,265.051486382185,74.4974676733941,937,6.55441141372921,119.9,196.65,7500,0,123.722583489126,1499.88563811348
2032,fuelcell,car,23.5825159850992,8.31754510577086,438.151453389072,73.0130652999729,5,6.62522013562632,1.8,196.65,0,6,112.581831555328,2868.61510234612
2032,fuelcell,minvan,36.1905875889712,10.4610057767713,464.220115535426,60.0685016118082,5,8.0283800546749,1.9,196.65,0,6,235.148598359753,789.902630681842
2032,fuelcell,suv,32.1597402618757,8.38502508628196,471.26530753182,62.7923077178189,5,7.6,1.8,196.65,0,6,164.914976601802,5330.4593833582
2032,fuelcell,truck,46.386,8.1,473,42.24,5,11.4,1.8,196.65,0,6,113,176.150752802851
2032,hybrid,car,30.1433952465926,8.5,798.55910687606,53.95,5,7.59962928637627,1.4,437,0,1.5,112.516517977963,3752.98858173765
2032,hybrid,suv,43.7325875933369,7.99711912281277,758.032394828975,45.061410934649,5,9.09891215498797,1.7,437,0,1.5,171.311923363299,2179.54744159424
2032,hybrid,truck,28.607,10.4,667,51.99,5,7.88613194845163,1.3,437,0,1.5,131,112.544327067162
2032,phev,car,29.5838689966596,7.30525408216243,784.648591857231,48.9343560539605,315,4.84933466790103,17.3,275.31,7500,7.5,115,1325.98920263007
2032,phev,minvan,31.5454197046794,8.4,807.068283440746,42.1704560370858,315,5.8119150761054,17.3,275.31,7500,7.5,230.338632881375,1492.67825302041
2032,phev,suv,27.523,6.30985892113871,757.970943940174,38.1881288757973,437.952771121512,5.4,24.0909960793858,275.31,7500,7.5,165,27504.6935883022
2032,phev,truck,31.605,7.6,829,37.93,315,6.7,17.3,275.31,7500,7.5,126,497.927446341812
2033,cng,car,65.8435472484451,8.66034813610452,377.898570161975,30.878088472634,5,4.80801906450701,0,437,0,0,108.139461812701,120.726441595985
2033,cng,suv,39.59823236973,9.08940216263714,381.351126605982,31.1608055801583,5,4.91721660282551,0,437,0,0,160.211956747257,350.941738382338
2033,conv,car,18.979,7.6,614.480609988221,32.55,5,12.5960061443932,0,437,0,0,117,71790.2272088076
2033,conv,minvan,29.9644673506539,7.40657718129489,526.182924174235,23.8047032882252,5,17.2237568592843,0,437,0,0,228.699319327873,4558.46953060693
2033,conv,suv,32.159453844254,7.5,531.328084931919,25.3694720705922,5,16.1611864352083,0,437,0,0,172.464148254548,55484.9660640961
2033,conv,truck,32.0705563254809,7.25324018561896,555,21.058630431686,5,19.4694815987722,0,437,0,0,142,8423.13182272104
2033,conv,van,23.3692938735189,8.7302641940098,504.767365273868,30.076851664681,5,13.6319935106039,0,437,0,0,287.359733665686,1462.88530724504
2033,ev,car,28.2866541943611,4.2,340,154.982980998324,578.771100816993,3.2,74.0771100816993,196.65,7500,0,115,62092.4577867831
2033,ev,minvan,35.7937791076321,5.95057281054882,277.984101750382,85.6237674488216,886.10966141554,5.77098687212783,113.375778069031,196.65,7500,0,198.15459475526,1816.10331008561
2033,ev,suv,38.715,4.4,352.147394499003,128.61,821,3.8,105.1,196.65,7500,0,159.973144923407,84677.8285753122
2033,ev,truck,36.4259503596582,5.7469204655371,267.193373969851,75.0993380855282,937,6.60681391178108,119.9,196.65,7500,0,123.407613966113,1424.2736048191
2033,fuelcell,car,23.2038036675721,8.31290736497396,438.312865727181,72.7627382714448,5,6.47317013820572,1.8,196.65,0,6,112.608856658506,2322.27233333845
2033,fuelcell,minvan,35.7139799451054,10.4609012725607,464.218025451214,60.2858895783097,5,7.8282886134906,1.9,196.65,0,6,235.151341595282,660.345133626184
2033,fuelcell,suv,31.7970698245867,8.38075580164994,471.187059243013,63.0152774354503,5,7.49493805439745,1.8,196.65,0,6,164.974700412519,4417.05333360522
2033,fuelcell,truck,45.716,8.1,473,42.4,5,11.1,1.8,196.65,0,6,113,154.330678322027
2033,hybrid,car,29.1796956347337,8.51173728122564,798.300950696037,54.48,5,7.52569750367107,1.4,437,0,1.5,112.619590264508,4701.94169607632
2033,hybrid,suv,43.2241614529004,7.99272698962318,755.521623027104,45.6248885732865,5,8.98651498645638,1.7,437,0,1.5,171.27076261182,2659.16838330508
2033,hybrid,truck,28.583,10.4,667,52.5,5,7.80952380952381,1.3,437,0,1.5,131,144.798949511768
2033,phev,car,30.0026592246446,7.30570837009397,779.397754156717,49.356369902079,315,4.89748464475091,17.3,275.31,7500,7.5,115,1052.49038705704
2033,phev,minvan,31.4881652676351,8.4,807.422086072275,42.5917874571729,315,5.88949082153788,17.3,275.31,7500,7.5,230.441184368775,1153.40077866139
2033,phev,suv,27.428,6.32186357377008,757.963074051093,38.5570585819443,434.94715091509,5.4,23.9249879865893,275.31,7500,7.5,165,21121.0406940146
2033,phev,truck,31.529,7.6,829,38.31,315,6.7,17.3,275.31,7500,7.5,126,385.333375276242
2034,cng,car,65.4360943238446,8.65748170222497,377.923884018096,30.9846788760902,5,4.80768154642539,0,437,0,0,108.997671223082,118.475345970482
2034,cng,suv,39.2361361855133,9.09030407687063,381.284771487375,31.2598118799862,5,4.81818293950424,0,437,0,0,160.472707088924,342.911644690645
2034,conv,car,18.979,7.6,614.147337703059,32.9,5,12.4620060790274,0,437,0,0,117,68531.4982945208
2034,conv,minvan,29.9656087983811,7.40679023119253,526.177685753519,24.0647575732441,5,17.0376234240077,0,437,0,0,228.698674626683,4351.85417969787
2034,conv,suv,32.1867364428128,7.5,531.443724433056,25.5975691910686,5,16.0171469282366,0,437,0,0,173,52334.0019658228
2034,conv,truck,32.3211031241144,7.29586793720381,555,21.2593580794796,5,19.2856755265123,0,437,0,0,142,7810.74358360174
2034,conv,van,23.368641355979,8.73065147368294,504.76410838649,30.4000415529573,5,13.4870462355023,0,437,0,0,287.365857339311,1398.95646459775
2034,ev,car,28.097538174423,4.2,340,155.095722738698,578.292826787173,3.2,74.0292826787173,196.65,7500,0,115,68164.3775468652
2034,ev,minvan,35.5679797631182,5.95068083522868,277.971092285202,85.6245487171677,886.083195368975,5.77091225241952,113.3723887947,196.65,7500,0,198.180711653168,1758.63329697368
2034,ev,suv,38.495,4.3857305850684,374,128.849696247132,819.450592957246,3.81518485753138,104.8934123943,196.65,7500,0,159,89855.4673584055
2034,ev,truck,36.2988294832181,5.7774881484366,265.472335040139,74.6157261462791,937,6.64505922133024,119.9,196.65,7500,0,125.281577489483,1543.862482515
2034,fuelcell,car,22.6729016642678,8.4,438.654205287363,73.2375927310143,5,6.2832063010098,1.8,196.65,0,6,112,2247.32395552244
2034,fuelcell,minvan,35.2383600905663,10.4603002520691,464.206005041382,60.5031234245683,5,7.62776272056044,1.9,196.65,0,6,235.167118383187,669.486085836673
2034,fuelcell,suv,31.3919869262425,8.37837205940424,471.168101063584,63.2420591107154,5,7.3,1.8,196.65,0,6,165.00236926049,4413.85990572034
2034,fuelcell,truck,45.046,8.1,473,42.55,5,10.8,1.8,196.65,0,6,113,154.863720208089
2034,hybrid,car,29.2088804342654,8.5046912567372,798.310537829969,55.01,5,7.45319032903109,1.4,437,0,1.5,112.612169905973,4469.18942413772
2034,hybrid,suv,43.3089133901454,7.99312487396929,755.614003724065,46.0615424234426,5,8.90133592910225,1.7,437,0,1.5,171.263657039597,2534.01611554047
2034,hybrid,truck,28.559,10.4,667,53.01,5,7.73438973778532,1.3,437,0,1.5,131,137.474430798464
2034,phev,car,31.5315023151313,7.23135263365023,827.423516031099,49.59551984735,339.987882207154,5.03431727406058,18.6772848460636,275.31,7500,7.5,114.411020487001,727.631789608983
2034,phev,minvan,31.4131485707382,8.4,807.435986964071,43.0105412399321,315,5.91160362903066,17.3,275.31,7500,7.5,230.445213612774,1100.79274979684
2034,phev,suv,27.333,6.23610686448332,757.946236523482,38.9288840351029,436.077089428029,5.4,23.9873973811993,275.31,7500,7.5,165,20139.7653957038
2034,phev,truck,31.454,7.6,829,38.69,315,6.7,17.3,275.31,7500,7.5,126,367.467964653263
2035,cng,car,60.457176374684,8.99941314286275,380.986829257501,31.4080859277674,5,4.64635647296152,0,437,0,0,101.820092554212,202.977658099153
2035,cng,suv,38.8856305418515,9.09201611375897,381.158814487733,31.3511026268565,5,4.79201611375897,0,437,0,0,160.439689234649,333.806445915733
2035,conv,car,18.979,7.6,616.702120044148,33.26,5,12.3271196632592,0,437,0,0,117,64341.1568014263
2035,conv,minvan,29.9676823848835,7.40698530841045,526.175996960748,24.3246977372326,5,16.8555496187041,0,437,0,0,228.697818729797,4147.88300946367
2035,conv,suv,32.172090102744,7.5,530.525295623967,25.9311591351574,5,15.8111169002711,0,437,0,0,172.280948044702,48694.5540630288
2035,conv,truck,32.0509237126223,7.34148022427123,555.822635482756,21.5223491957775,5,19.0499847191509,0,437,0,0,141.527707349098,7188.19199321858
2035,conv,van,23.3682081878204,8.73095341912145,504.761430898819,30.7272313999188,5,13.3434447832247,0,437,0,0,287.371479926529,1334.0690441415
2035,ev,car,27.9158201076244,4.2,336.516920997517,155.156745904882,577.934046307532,3.2,73.9868092615064,196.65,7500,0,115,73959.2255628394
2035,ev,minvan,35.3432631151417,5.95072878352941,277.952988379253,85.6252332417414,886.071448035294,5.77084687280407,113.370884416765,196.65,7500,0,198.203594518576,1696.42743334856
2035,ev,suv,38.5496057512475,4.26910220259504,375.949070006169,128.9,810.585936273772,3.8,103.756391889389,196.65,7500,0,159,93825.2339646353
2035,ev,truck,36.0455180194179,5.77792206108296,265.452068683655,74.6100313001072,937,6.64550958480766,119.9,196.65,7500,0,125.293963768923,1495.74849835362
2035,fuelcell,car,22.3593030256496,8.23101428698317,436.941678948703,72.5621556772178,5,6.23944543448489,1.8,196.65,0,6,112,2333.32267971443
2035,fuelcell,minvan,34.7597030351747,10.4650248947727,464.300497895454,60.6869687853014,5,7.39876867107952,1.9,196.65,0,6,235.043096512217,661.404156991532
2035,fuelcell,suv,31.0145507234564,8.37605069460787,471.16526042402,63.4559193396026,5,7.1,1.8,196.65,0,6,165.000742580941,4361.93646102855
2035,fuelcell,truck,44.375,8.1,473,42.71,5,10.5,1.8,196.65,0,6,113,155.126735516168
2035,hybrid,car,30.063165414518,8.5,790.129657522104,55.5341682629081,5,7.38284224030303,1.4,437,0,1.5,112,4388.60669492487
2035,hybrid,suv,42.2297696895891,8,752.158900859286,46.5910949387158,5,8.80007490639967,1.65555502203885,437,0,1.5,170.559822795963,2316.79530157314
2035,hybrid,truck,28.536,10.4,667,53.52,5,7.66068759342302,1.3,437,0,1.5,131,129.895902306421
2035,phev,car,39.7899114593227,7.06788840368621,758.619873373548,45.6742814319978,315,4.9748701180993,17.3,275.31,7500,7.5,112.539400058437,766.376071581839
2035,phev,minvan,31.3398690158731,8.4,807.464468592083,43.4293993859141,315,5.81160132262753,17.3,275.31,7500,7.5,230.453469157126,1045.78687357074
2035,phev,suv,27.239,6.23517673809453,757.930116346714,39.3005748475741,437.044623894928,5.4,24.0408367848943,275.31,7500,7.5,165,19112.8854977881
2035,phev,truck,31.378,7.6,829,39.07,315,6.7,17.3,275.31,7500,7.5,126,348.887671091456
2036,cng,car,60.4542972805584,8.99784638227978,380.927333603975,31.510550792964,5,4.64727179070808,0,437,0,0,101.878981068958,194.614336682434
2036,cng,suv,38.9063167572843,9.0945104073988,380.975305741374,31.444758240793,5,4.722689722213,0,437,0,0,160.391585000166,317.699617006339
2036,conv,car,18.979,7.6,618.209928369025,33.38,5,12.282804074296,0,437,0,0,117,60503.1605033832
2036,conv,minvan,29.9697249144077,7.40716980648122,526.180615698137,24.4129586536098,5,16.7946301019324,0,437,0,0,228.696541096636,3930.62448163749
2036,conv,suv,32.2157421154752,7.5,531.742927324253,26.0556713530854,5,15.7355487948915,0,437,0,0,172.716880909016,45680.3043047337
2036,conv,truck,32.3169353387821,7.38233764379606,555,21.5658262873126,5,19.0116246482407,0,437,0,0,133.685788452064,6595.65073098069
2036,conv,van,23.3681130257533,8.73106411827045,504.760768673899,30.8372707879825,5,13.2958284676019,0,437,0,0,287.371342538237,1264.24105981138
2036,ev,car,27.7330370003475,4.2,332,155.229773098673,577.51105342447,3.2,73.9022106848941,196.65,7500,0,115,78822.1360294174
2036,ev,minvan,35.1170171928939,5.95072207745451,277.94693850572,85.625670259762,886.073091023646,5.770805132783,113.371094819865,196.65,7500,0,198.218203525951,1635.00763262356
2036,ev,suv,38.339,4.2,377,128.9,813.242320316395,3.8,104.094477131178,196.65,7500,0,159,97203.2150218533
2036,ev,truck,35.7912330460409,5.77817516788715,265.436808314597,74.6057431364018,937,6.54584870412006,119.9,196.65,7500,0,125.301095492605,1446.53800391306
2036,fuelcell,car,22.178666022687,8.22963704380299,436.908519551569,72.7940255387876,5,6.05430446567297,1.8,196.65,0,6,112,2242.71979161447
2036,fuelcell,minvan,34.5757817207671,10.4707738901134,464.415477802268,60.867509165912,5,7.20308041758505,1.9,196.65,0,6,234.892185384523,642.565242940386
2036,fuelcell,suv,30.947609073838,8.37328737099099,471.160521746544,63.6441495933298,5,6.90935722585106,1.8,196.65,0,6,164.995029983252,4240.99744165132
2036,fuelcell,truck,44.03,8.1,473,42.86,5,10.3,1.8,196.65,0,6,113,153.049606064186
2036,hybrid,car,29.2409002021078,8.52992627103592,785.832632629315,55.529869361871,5,7.38356945558652,1.4,437,0,1.5,112,3957.2117419674
2036,hybrid,suv,42.2852089032461,8,752.226876261769,46.7341183499826,5,8.77315166132461,1.65529863243179,437,0,1.5,170.583392275381,2199.1682068051
2036,hybrid,truck,28.512,10.4,667,53.69,5,7.63643136524492,1.3,437,0,1.5,131,122.955521344654
2036,phev,car,39.7596029683498,7.06703022249057,758.19141845095,45.8095371795451,315,4.97571028869221,17.3,275.31,7500,7.5,112.532408616254,730.449716593687
2036,phev,minvan,31.2658161306082,8.4,807.483130426694,43.5816682187694,315,5.81159401009076,17.3,275.31,7500,7.5,230.458878384549,994.917764988587
2036,phev,suv,27.144,6.23370088278822,757.917664627961,39.4341776801686,438.19262793939,5.4,24.1042439850245,275.31,7500,7.5,165,18174.2076601218
2036,phev,truck,31.303,7.6,829,39.21,315,6.7,17.3,275.31,7500,7.5,126,331.759276318524
2037,cng,car,60.0669040877342,8.70645825498155,376.888054538025,31.261807817536,5,4.65470727278443,0,437,0,0,100.457422858396,172.934454276088
2037,cng,suv,38.927535028512,9.0970418891621,380.789061011646,31.5337165030992,5,4.6970418891621,0,437,0,0,161.059162216758,303.773527014137
2037,conv,car,18.979,7.6,621.022411481565,33.5,5,12.2388059701493,0,437,0,0,117,57042.2153082387
2037,conv,minvan,29.9718705314253,7.40733706813077,526.185588025191,24.5030571871762,5,16.7328732883387,0,437,0,0,228.695322281061,3742.10204105961
2037,conv,suv,32.3800856471652,7.5,532.67053691396,26.1278727781052,5,15.6920705231206,0,437,0,0,173,42982.7694167898
2037,conv,truck,32.476944275047,7.35266884030783,555,21.6891620172074,5,18.9035020126695,0,437,0,0,129.946530188846,5966.34572104774
2037,conv,van,23.3680721613854,8.73115132481014,504.760230608503,30.9543364828786,5,13.245559930035,0,437,0,0,287.371310485787,1203.29053486974
2037,ev,car,27.566138593273,4.2,336.522832802103,155.139476135702,578.029973608757,3.2,74.0029973608757,196.65,7500,0,115,83342.4618988467
2037,ev,minvan,34.8918411955425,5.95070871811992,277.940994223522,85.6260888103938,886.076364060619,5.67722586291296,113.371513968987,196.65,7500,0,198.232195189858,1583.23456342706
2037,ev,suv,38.113,4.2,377,128.961524652212,796,3.8,101.9,196.65,7500,0,159,100517.665746698
2037,ev,truck,35.9875051275425,5.7353855571611,263.772573606588,74.1380931834511,937,6.58283169763139,119.9,196.65,7500,0,123.400612207926,1545.07248724682
2037,ev,van,31.14,5.9,309,97.503,834,5,106.8,196.65,7500,0,256,322.951458093321
2037,fuelcell,car,21.9970655751515,8.22828282784566,436.889949753716,73.0329918274995,5,5.85661929298565,1.8,196.65,0,6,112,2164.74297834983
2037,fuelcell,minvan,34.3932749448025,10.4093289952414,464.499182137625,61.0477576266482,5,7.00621933016093,1.9,196.65,0,6,234.782323444368,625.359312094284
2037,fuelcell,suv,30.844587749262,8.37240076954066,471.105881577868,63.8507925227931,5,6.71412397494018,1.8,196.65,0,6,164.987108669907,4128.52284680897
2037,fuelcell,truck,43.685,8.1,473,43.02,5,10,1.8,196.65,0,6,113,151.866854300206
2037,hybrid,car,29.2918080485007,8.5231556051315,785.806733041377,55.6887696716546,5,7.36251322914603,1.4,437,0,1.5,112,3768.79760846641
2037,hybrid,suv,42.3402708702969,8,752.299929443232,46.8771713462705,5,8.74638665165921,1.6550288177303,437,0,1.5,170.609923101029,2097.41011493926
2037,hybrid,truck,28.488,10.4,667,53.86,5,7.61232825844783,1.3,437,0,1.5,131,116.936344926825
2037,phev,car,39.1993249367566,7.05469041692265,760.239926736643,46.1280616268246,315,4.95394135032432,17.3,275.31,7500,7.5,112.296003175405,684.964081819445
2037,phev,minvan,31.1910120035122,8.4,807.50226213843,43.7239404054412,315,5.81158632749955,17.3,275.31,7500,7.5,230.464423808241,950.995914086022
2037,phev,suv,27.049,6.23222750659187,757.905187458742,39.559866892059,439.342505374449,5.4,24.1677546573097,275.31,7500,7.5,165,17363.5963030423
2037,phev,truck,31.228,7.6,829,39.34,315,6.7,17.3,275.31,7500,7.5,126,316.971174328933
2038,cng,car,60.6306485538767,9.06203343180465,386.182947084475,32.1672039397986,5,4.47431826959441,0,437,0,0,98.7270398161446,83.9576237286644
2038,cng,suv,38.9474748048375,9.09941411516588,380.614532955653,31.6207209395227,5,4.69941411516588,0,437,0,0,161.011717696682,291.614541375252
2038,conv,car,18.979,7.6,621.865677775938,33.62,5,12.1951219512195,0,437,0,0,117,54249.9059097584
2038,conv,minvan,29.9740660602771,7.40756283109174,526.190942013743,24.5851645918651,5,16.676966737623,0,437,0,0,228.693787058328,3568.67372103692
2038,conv,suv,32.7011140832627,7.5,535,26.1565915963492,5,15.6748264542034,0,437,0,0,173,40458.8074833447
2038,conv,truck,32.4872114693616,7.35177403824059,555,21.7684732512336,5,18.8346250348061,0,437,0,0,129.958966022824,5694.9675307891
2038,conv,van,23.367931251194,8.73128700572285,504.75950860292,31.0643960953043,5,13.1986297574665,0,437,0,0,287.37056674548,1147.90475145859
2038,ev,car,27.3633231273117,4.2,332.522840483257,155.445178751735,574.468180535886,3.13292341871251,73.4835225669857,196.65,7500,0,115,88161.6797162394
2038,ev,minvan,34.6663176524928,5.95070275044014,277.936298867529,85.6265114624686,886.077826142167,5.67072478868495,113.371701204941,196.65,7500,0,198.246323960268,1539.12001762428
2038,ev,suv,37.887,4.2,378.519324919062,128.941666500202,796.956401712062,3.8,102.021723854262,196.65,7500,0,159,103723.880897338
2038,ev,truck,35.7335656996024,5.73618390936269,263.734302917075,74.1273391196981,937,6.58368215739834,119.9,196.65,7500,0,123.42970405674,1504.80001994218
2038,ev,van,30.903,5.9,309,97.503,834,5,106.8,196.65,7500,0,256,313.541295367077
2038,fuelcell,car,21.7573723094328,8.24091006784968,437.065786761165,73.615055138366,5,5.73356875128431,1.8,196.65,0,6,112,2051.73923508644
2038,fuelcell,minvan,34.2130483603293,10.4092843243826,464.498387989024,61.2611347984712,5,6.871824624657,1.9,196.65,0,6,234.783365764406,606.149400656359
2038,fuelcell,suv,30.7219781860588,8.37324287942368,471.037487119475,64.0607444126918,5,6.51785111746164,1.8,196.65,0,6,164.99843141049,4027.40010637464
2038,fuelcell,truck,43.339,8.1,473,43.17,5,9.7,1.8,196.65,0,6,113,151.762325469155
2038,hybrid,car,30.7066440827794,8.68432774758098,782.962772924457,55.0255364530796,5,7.454291435722,1.4,437,0,1.5,112.56961574756,3411.13776915894
2038,hybrid,suv,42.384974990335,8,752.374887765545,47.0191472144646,5,8.71998860103226,1.65476624393477,437,0,1.5,170.639904531983,2007.81196518864
2038,hybrid,truck,28.465,10.4,667,54.03,5,7.58837682768832,1.3,437,0,1.5,131,111.663575013581
2038,phev,car,37.2601981520368,7.07308272869513,726.834724050149,44.8505376606721,406.416777972509,4.94396342987797,22.3387200457288,275.31,7500,7.5,112.673114967988,608.386436258084
2038,phev,minvan,31.1168464691674,8.4,807.519058223851,43.8762097740161,315,5.81157904024493,17.3,275.31,7500,7.5,230.469292238797,912.697189549999
2038,phev,suv,26.954,6.23061392878335,757.892488869676,39.6831808609599,440.555221156348,5.4,24.2347360522402,275.31,7500,7.5,165,16657.6785002995
2038,phev,truck,31.152,7.6,829,39.47,315,6.7,17.3,275.31,7500,7.5,126,304.064645468509
2039,cng,car,52.5381224162852,9.19353078032906,406.462401031775,36.5025285709157,5,3.93583993121498,0,437,0,0,97.5704700823246,133.180420066002
2039,cng,suv,38.9705785679254,9.10207738367926,380.418592486454,31.7158400343085,5,4.60207738367926,0,437,0,0,160.958452326415,279.563793838267
2039,conv,car,18.979,7.6,629,33.73,5,12.1553513193003,0,437,0,0,117,50809.1675192328
2039,conv,minvan,29.9761877083804,7.40764828582051,526.195689492299,24.6732009114313,5,16.6174809295465,0,437,0,0,228.692991444926,3414.09869965266
2039,conv,suv,33.0471603066111,7.5,535.612458024858,25.994758009395,5,15.7724194158518,0,437,0,0,173,37715.172099877
2039,conv,truck,32.4959708177653,7.35055042277837,555,21.8473177069701,5,18.766646636213,0,437,0,0,129.990009170655,5455.07734800464
2039,conv,van,23.098548543829,8.75881192954342,498.850328799271,31.3448327991281,5,13.0808688684437,0,437,0,0,295.62979128916,900.990385229497
2039,ev,car,27.2033018182711,4.2,332,155.268376445835,577.308001461885,3.19698129424284,73.861600292377,196.65,7500,0,115,92487.2779910861
2039,ev,minvan,34.440652246886,5.95068485684446,277.929565095633,85.6269183660386,886.082210073109,5.67068592492468,113.372262616505,196.65,7500,0,198.259926276362,1493.63224583872
2039,ev,suv,37.4973361212672,4.2,379,129.134460827657,796,3.8,101.9,196.65,7500,0,159,106583.231758541
2039,ev,truck,35.4809451984889,5.73701040971274,263.694675696796,74.1162038707998,937,6.58456276229342,119.9,196.65,7500,0,123.459994980953,1463.22808803867
2039,ev,van,30.666,5.9,309,97.503,834,5,106.8,196.65,7500,0,256,303.810270283844
2039,fuelcell,car,21.5977467189258,7.92338060102892,439.215145905106,73.7199016233108,5,5.54542896780533,1.8,196.65,0,6,112.462021456064,2001.54103132879
2039,fuelcell,minvan,34.0331674169411,10.4092342351444,464.497497513679,61.474544539407,5,6.70615615676296,1.9,196.65,0,6,234.784534513297,586.53668922135
2039,fuelcell,suv,30.5761154784537,8.37457731812858,470.995368247686,64.2696557022794,5,6.4,1.8,196.65,0,6,165.006483998033,3913.10312417374
2039,fuelcell,truck,42.994,8.1,473,43.33,5,9.5,1.8,196.65,0,6,113,151.034568634141
2039,hybrid,car,29.6658368848813,8.54208139823381,780.585299737856,53.6435820753238,5,7.64836428674072,1.4,437,0,1.5,112,3410.0914112858
2039,hybrid,suv,42.4473277365165,8,752.447887484294,47.1614903179316,5,8.69367745695488,1.65449296041711,437,0,1.5,170.664293988873,1920.31942986071
2039,hybrid,truck,28.441,10.4,667,54.2,5,7.56457564575646,1.3,437,0,1.5,131,106.468179149
2039,phev,car,27.6712246883497,7,671.813267398496,42.0880985567532,442,5.10659912559814,24.3,275.31,7500,7.5,110.559424885693,706.572549319581
2039,phev,minvan,31.0421681406797,8.4,807.540617203108,44.0207100799602,315,5.81156931534231,17.3,275.31,7500,7.5,230.475541218292,874.433114003837
2039,phev,suv,26.859,6.22448232288535,757.958796924156,39.8262377143654,444.543531897587,5.4,24.4550206571342,275.31,7500,7.5,165,15933.9447348573
2039,phev,truck,31.077,7.6,829,39.6,315,6.7,17.3,275.31,7500,7.5,126,291.205506121998
2040,cng,car,52.6039108791671,9.19240146275606,406.368673900336,36.5785618045206,5,3.94208840664424,0,437,0,0,97.5725447243263,128.114188081636
2040,cng,suv,38.9899114879197,9.1044770885216,380.242042773054,31.8024659055922,5,4.6044770885216,0,437,0,0,160.910458229568,268.099042813524
2040,conv,car,18.979,7.6,629,33.85,5,12.1122599704579,0,437,0,0,117,48324.1859329846
2040,conv,minvan,29.9782672273044,7.40783217294544,526.200605223416,24.7633525759098,5,16.5569819945544,0,437,0,0,228.691698132866,3257.60868204694
2040,conv,suv,33.4364661265233,7.5,541.650489024972,26.0776189943272,5,15.7222999803373,0,437,0,0,173,35123.101038593
2040,conv,truck,32.5049841130643,7.34954315768155,555,21.9169033325574,5,18.7070632148021,0,437,0,0,130.010328720383,5209.55622726788
2040,conv,van,23.0985139838912,8.75917433392358,498.845285234488,31.4563914446412,5,13.0344938135809,0,437,0,0,295.629125632734,859.66748788186
2040,ev,car,26.9598699342404,4.2,332,155.433271269339,570.896310574176,3.1,73.0844465861264,196.65,7500,0,115,96305.8778558737
2040,ev,minvan,34.2152597524812,5.95067964380568,277.924718186767,85.6273369509166,886.083487267608,5.6706459454712,113.372426175597,196.65,7500,0,198.27391908508,1450.0606643858
2040,ev,suv,37.436,4.16888569543909,379,128.9,803.575582510602,3.8,102.864165046804,196.65,7500,0,159,109325.622658668
2040,ev,truck,35.2269294046533,5.73781258076385,263.656636264878,74.1055147904306,937,6.58540808300272,119.9,196.65,7500,0,123.489061605999,1423.1849844947
2040,ev,van,30.429,5.9,309,97.503,834,5,106.8,196.65,7500,0,256,294.553717313642
2040,fuelcell,car,21.4144543265927,7.91700680175686,439.216459170858,73.9589045716732,5,5.44712668539011,1.8,196.65,0,6,112.468154884541,1936.6523726664
2040,fuelcell,minvan,33.8532845619558,10.4091859182679,464.496638546984,61.6913818622406,5,6.50612394551191,1.9,196.65,0,6,234.785661907083,567.808282079675
2040,fuelcell,suv,30.4402155251841,8.37651043600513,470.94111445691,64.4816738087273,5,6.2,1.8,196.65,0,6,165.016498999634,3808.36511633739
2040,fuelcell,truck,42.649,8.1,473,43.48,5,9.2,1.8,196.65,0,6,113,151.061609526193
2040,hybrid,car,29.1699216729086,8.58739557240809,781.503368852711,54.3484264421517,5,7.54986174046115,1.4,437,0,1.5,112,3198.88278794891
2040,hybrid,suv,43.9297056363981,7.97217082421627,763.750413082951,46.9809509864513,5,8.72701016873222,1.73556646541085,437,0,1.5,172.28947901124,1615.95725325136
2040,hybrid,truck,28.417,10.4,667,54.37,5,7.54092330329226,1.3,437,0,1.5,131,101.569007108161
2040,phev,car,27.4190255454211,7.00108789573219,662.101555408798,43.6597889341521,423.628383549221,4.97657406875576,23.2873912192484,275.31,7500,7.5,109.434076021606,615.621083057344
2040,phev,minvan,30.9680427560721,8.38759675111086,807.558241733508,44.1707780607771,315,5.81156097413779,17.3,275.31,7500,7.5,230.480649777828,838.236227931084
2040,phev,suv,26.764,6.22289951501012,757.947226592477,39.9496629612127,445.738143614646,5.4,24.5210021182508,275.31,7500,7.5,165,15268.2763396942
2040,phev,truck,31.001,7.6,829,39.74,315,6.7,17.3,275.31,7500,7.5,126,279.034048808481
2041,cng,car,52.6577249230666,9.19142774867768,406.287872353095,36.652395397145,5,3.9474751764603,0,437,0,0,97.5741741529432,124.697783039463
2041,cng,suv,39.0068592333531,9.10664018605563,380.082900597336,31.9004491374853,5,4.60664018605563,0,437,0,0,160.867196278887,260.267099781549
2041,conv,car,18.974111260065,7.6,629,33.97,5,12.0694730644686,0,437,0,0,117,45949.1885929335
2041,conv,minvan,29.9799521157578,7.40798576426288,526.204104556933,24.8534694081519,5,16.4969452538881,0,437,0,0,228.690664141365,3148.56511662819
2041,conv,suv,33.5168156825751,7.5,542,26.1650012940816,5,15.6697911114028,0,437,0,0,173,33403.3023615028
2041,conv,truck,32.5126266315292,7.34874555864118,555,21.9958086699734,5,18.6399468866544,0,437,0,0,130.025648146173,5038.79522356396
2041,conv,van,23.0984782169367,8.75954416583151,498.840218814217,31.5665147219438,5,12.9890182461602,0,437,0,0,295.628553043185,830.944588836026
2041,ev,car,26.9064930286617,4.2,336.270030696523,155.348029613949,573.831840810893,3.1,73.4303814279375,196.65,7500,0,115,100121.016939713
2041,ev,minvan,34.0980153015645,5.9512118601298,277.895763301534,85.6289324388443,885.9530942682,5.67049355884963,113.355727888428,196.65,7500,0,198.327254402628,1414.69880854497
2041,ev,suv,37.1713649875524,4.1,379,129.044421825368,796,3.8,101.9,196.65,7500,0,159,112108.306535526
2041,ev,truck,35.7689046386166,5.7767553735376,262.767223147563,73.8555897044651,937,6.6,119.9,196.65,7500,0,125.223887843041,1501.21476032271
2041,ev,van,30.305,5.9,309,97.503,834,5,106.8,196.65,7500,0,256,286.890253103142
2041,fuelcell,car,21.252596030976,7.91137053581742,439.227781194748,74.0851807215063,5,5.44873256476658,1.8,196.65,0,6,112.473330080274,1891.48471275936
2041,fuelcell,minvan,33.694705185276,10.4091545785749,464.496081396888,61.8081240547421,5,6.47175254365273,1.9,196.65,0,6,234.786393166585,554.873371279813
2041,fuelcell,suv,30.2911351060299,8.35358652435122,470.925248769426,64.5951015481987,5,6.2,1.8,196.65,0,6,165.018497650206,3728.88540511464
2041,fuelcell,truck,42.341,8.1,473,43.57,5,9.2,1.8,196.65,0,6,113,149.630824349262
2041,hybrid,car,28.6078185994894,8.64454236281623,782.543046285454,55.1393921078871,5,7.44062416489831,1.4,437,0,1.5,111.834939580179,3028.34864774012
2041,hybrid,suv,44.1643094664322,7.96403513341863,766.571740016069,47.2060532505549,5,8.685486110501,1.76266188878898,437,0,1.5,172.374958749793,1511.57888041
2041,hybrid,truck,28.404,10.4,667,54.54,5,7.51741840850752,1.3,437,0,1.5,131,98.0574963990468
2041,phev,car,27.3725316811347,7.00041241415589,661.718235745045,43.780173617631,423.85480958316,4.97693983748056,23.2998713943474,275.31,7500,7.5,109.422827620138,596.462145692628
2041,phev,minvan,30.9281267346365,8.38757153964605,807.575637644227,44.3152675473619,315,5.8115527381266,17.3,275.31,7500,7.5,230.48569207079,811.706163323856
2041,phev,suv,26.713,6.22266012241734,757.94281164329,40.0781328161121,446.073208869304,5.4,24.5395086294092,275.31,7500,7.5,165,14775.2888902536
2041,phev,truck,30.96,7.6,829,39.87,315,6.7,17.3,275.31,7500,7.5,126,270.106999565503
2042,cng,car,51.4750288409213,9.21844514239503,408.07596663971,37.1724593523193,5,3.89692580960083,0,437,0,0,97.403242376507,115.2871018531
2042,cng,suv,39.0211230616669,9.10868558593778,379.932417606006,31.9890685499425,5,4.50868558593778,0,437,0,0,160.826288281244,252.717525946247
2042,conv,car,18.9748539313336,7.6,629,34.09,5,12.0269873863303,0,437,0,0,117,44499.6433782856
2042,conv,minvan,29.981227523894,7.40806820447979,526.206035189143,24.9334528774834,5,16.4440235087088,0,437,0,0,228.690103036721,3050.83638821249
2042,conv,suv,33.5743946824104,7.5,542.076328443449,26.1528782279046,5,15.6772128638024,0,437,0,0,173,31157.5129710422
2042,conv,truck,32.9229236030581,7.28029699799794,555,22.0195596984238,5,18.6198663923859,0,437,0,0,133.701725386069,4613.82314839981
2042,conv,van,23.0984587352622,8.75975064868934,498.836243232935,31.6765835495631,5,12.9438808537186,0,437,0,0,295.629173946965,804.921831289056
2042,ev,car,26.7764454481667,4.2,335.537432420134,155.361,571,3.1,73.1,196.65,7500,0,115,103406.001428089
2042,ev,minvan,33.9804184825505,5.95175155980014,277.867476882765,85.6305425049398,885.820867848966,5.67033977985294,113.338794811271,196.65,7500,0,198.381077051472,1380.54963821422
2042,ev,suv,37.2,4.05352882491403,379,128.9,813.012562091999,3.8,104.065235175345,196.65,7500,0,159,115857.856736244
2042,ev,truck,34.907895245468,5.81444243466558,263.71630336686,74.1222812460875,937,6.57687065865107,119.9,196.65,7500,0,123.41121616202,1585.56627738765
2042,ev,van,30.181,5.9,309,97.503,834,5,106.8,196.65,7500,0,256,279.520584821267
2042,fuelcell,car,21.0825064124856,7.89167052486226,439.502870177841,74.2664353375853,5,5.35940418581832,1.8,196.65,0,6,112.500939451644,1841.03840954638
2042,fuelcell,minvan,33.5371253611557,10.3747761407934,464.495522815868,61.9248674006822,5,6.47173508799587,1.9,196.65,0,6,234.787126304173,542.424471095321
2042,fuelcell,suv,30.1323855753697,8.35320786017543,470.9204843532,64.7186728076475,5,6.2,1.8,196.65,0,6,165.017789900672,3649.02172102113
2042,fuelcell,truck,42.033,8.1,473,43.65,5,9.2,1.8,196.65,0,6,113,147.847900514567
2042,hybrid,car,28.6449084325713,8.64007864740387,782.531380692204,55.2639855574399,5,7.42395431516009,1.4,437,0,1.5,111.830961061104,2928.04532305032
2042,hybrid,suv,44.1607812357022,7.964377698143,766.613039187443,47.3515305851571,5,8.65879661932494,1.7616668501238,437,0,1.5,172.37528961589,1463.94768968904
2042,hybrid,truck,28.39,10.4,667,54.71,5,7.49405958691281,1.3,437,0,1.5,131,94.727390441375
2042,phev,car,27.172356577749,7.07430280551018,689.179809236099,44.6028311235408,405.941389164454,4.91482217912863,22.3125175130014,275.31,7500,7.5,110.486056110204,521.810127742033
2042,phev,minvan,30.8880056536238,8.3,807.590920633665,44.4575220795767,315,5.81154746752867,17.3,275.31,7500,7.5,230.490121922802,786.380377374663
2042,phev,suv,26.662,6.2224091206328,757.938551395048,40.2043561028588,446.399706843429,5.4,24.5575419477476,275.31,7500,7.5,165,14305.2723570188
2042,phev,truck,30.919,7.6,829,40,315,6.7,17.3,275.31,7500,7.5,126,261.589683510107
2043,cng,car,51.5641420217515,9.21510156069745,407.880924374018,37.2920135414263,5,3.99666015931015,0,437,0,0,97.4033150496358,111.417249869748
2043,cng,suv,34.2327608977518,8.65460849022741,408.750714487782,34.5837821519502,5,4.1,0,437,0,0,149.763670777124,339.467243967408
2043,conv,car,18.9665960020862,7.6,630.395921739101,34.21,5,11.9847997661502,0,437,0,0,117,42213.2988093749
2043,conv,minvan,29.9832888954437,7.40828185655222,526.21106934891,25.0236842115264,5,16.3847262689034,0,437,0,0,228.68865200349,2924.36428626554
2043,conv,suv,33.6860410172228,7.5,542,26.2224200795831,5,15.6356150492138,0,437,0,0,172.541209074327,29253.8437514817
2043,conv,truck,34.6188443698071,7.2,555,21.995495452545,5,18.6363636363636,0,437,0,0,142,3807.55985468225
2043,conv,van,23.0984107318835,8.76024397091665,498.830458695703,31.788193790144,5,12.8984498026716,0,437,0,0,295.627574728323,771.807839828769
2043,ev,car,26.7329979338682,4.2,337,155.351404015168,575.306868362278,3.1,73.6306868362278,196.65,7500,0,115,105680.529611311
2043,ev,minvan,33.8629775933643,5.95227117384763,277.837608300526,85.632121627492,885.69356240733,5.67018895630449,113.322491920531,196.65,7500,0,198.43386529343,1337.26987796567
2043,ev,suv,36.8941195372159,4,379,128.942063205395,796.940006459509,3.8,102.019637185756,196.65,7500,0,159,118138.857367543
2043,ev,truck,34.883893914535,5.76940560182527,262.647599042793,73.8219753310249,937,6.6,119.9,196.65,7500,0,127.700384041975,1677.63432469089
2043,ev,van,30.056,5.9,309,97.503,834,5,106.8,196.65,7500,0,256,270.274170585122
2043,fuelcell,car,20.9207180262699,7.8858472384345,439.515057348747,74.3842299100132,5,5.34755500642763,1.8,196.65,0,6,112.506067628339,1784.954854004
2043,fuelcell,minvan,33.3788907245911,10.3747441371072,464.494882742144,62.031637522514,5,6.47171508569199,1.9,196.65,0,6,234.787966400937,526.268341170235
2043,fuelcell,suv,29.4336524243479,8.29671374708519,470.25348260834,64.6860930194789,5,6.2,1.8,196.65,0,6,164.420862337878,3739.8557343374
2043,fuelcell,truck,41.725,8.1,473,43.73,5,9.1,1.8,196.65,0,6,113,145.778249835039
2043,hybrid,car,29.8518381170531,8.51619111453083,777.843259873986,54.3678465834318,5,7.54800689550788,1.4,437,0,1.5,111.254729752278,2697.95028329028
2043,hybrid,suv,42.0257949415762,7.9185635029174,751.618002028832,47.9235321202873,5,8.55543093071381,1.9,437,0,1.5,169.96562315179,1671.99096799449
2043,hybrid,truck,28.376,10.4,667,54.88,5,7.47084548104956,1.3,437,0,1.5,131,90.7892409090937
2043,phev,car,27.1054510732036,7.08141939145593,694.115997688734,44.9795023555725,403.078850655392,4.93870685142581,22.1547397999035,275.31,7500,7.5,110.628387829119,494.203426850016
2043,phev,minvan,30.8481328878721,8.3,807.611787377012,44.6076318420241,315,5.88941765318783,17.3,275.31,7500,7.5,230.496170254206,755.983865164628
2043,phev,suv,26.611,6.11346513119302,756.171158486744,40.1112325583529,454.044899330052,5.4,24.9798054862529,275.31,7500,7.5,165,14081.6392641703
2043,phev,truck,30.879,7.6,829,40.13,315,6.7,17.3,275.31,7500,7.5,126,251.397589051821
2044,cng,car,51.633483808394,9.21239922825303,407.72328831476,37.4216532304337,5,3.99832952966947,0,437,0,0,97.4031685558361,108.441411580833
2044,cng,suv,34.2214410594013,8.65540621527343,408.746867218392,34.6998746887357,5,4.1,0,437,0,0,149.738230667341,329.634764663225
2044,conv,car,18.9671191236298,7.6,629,34.33,5,11.9429070783571,0,437,0,0,117,40830.3130015917
2044,conv,minvan,29.9848381205885,7.40847841305835,526.214322473136,25.1139244234675,5,16.325849347601,0,437,0,0,228.68742285356,2825.60284535225
2044,conv,suv,33.7256432652099,7.5,542,26.2555539019295,5,15.6157452506608,0,437,0,0,173,27909.9011038415
2044,conv,truck,34.9357129254834,7.2,555.691944709918,21.9578396927714,5,18.672324852981,0,437,0,0,140.294837932871,3396.8310634141
2044,conv,van,23.0983516709546,8.76083964930969,498.824028159391,31.8983956589327,5,12.8538856654453,0,437,0,0,295.625507293441,746.261368544058
2044,ev,car,26.627857793527,4.2,336.659867888581,155.293465954508,574.046820720649,3.1,73.5046820720649,196.65,7500,0,115,108852.121657037
2044,ev,minvan,33.7457306984052,5.95280461011638,277.810175839728,85.6337182068045,885.562870521486,5.6700364654437,113.305755357598,196.65,7500,0,198.487237094707,1305.68125799471
2044,ev,suv,36.963,4,379,128.9,818.58318893438,3.7,104.777758524584,196.65,7500,0,159,120201.717968826
2044,ev,truck,34.9545048824404,5.74038930517345,268.060935382277,75.3431228424198,937,6.38753476928274,119.9,196.65,7500,0,124.494850074009,1561.87999819714
2044,ev,van,29.932,5.9,309,97.503,834,5,106.8,196.65,7500,0,256,263.482909782712
2044,fuelcell,car,20.7588422408823,7.88052848126049,439.527767708618,74.5126224300909,5,5.34900733952838,1.8,196.65,0,6,112.511358361526,1744.95494443107
2044,fuelcell,minvan,33.2203107501331,10.3747145494077,464.494290988155,62.1483929519228,5,6.47169659337984,1.9,196.65,0,6,234.788743078047,514.654510394511
2044,fuelcell,suv,29.2797101813744,8.2963500242261,470.248378809473,64.8014963797008,5,6.1605317495895,1.8,196.65,0,6,164.416274165542,3662.01571995236
2044,fuelcell,truck,41.418,8.1,473,43.82,5,9.1,1.8,196.65,0,6,113,144.788846896187
2044,hybrid,car,28.487839437571,8.65489990820674,777.698202535411,56.6153401631399,5,7.24567822691802,1.4,437,0,1.5,111,2479.52647056862
2044,hybrid,suv,40.3080335739272,7.90664180852058,747.66649912022,48.1741493132333,5,8.51106727935241,1.8701170403568,437,0,1.5,167.081501398151,1550.92192953927
2044,hybrid,truck,28.363,10.4,667,55.05,5,7.44777475022707,1.3,437,0,1.5,131,87.7337873419675
2044,phev,car,27.0597400566356,7.08108734040605,693.87863283001,45.1065097932197,403.216500596296,4.93892362298629,22.1623268045202,275.31,7500,7.5,110.621746808121,479.121307199132
2044,phev,minvan,31.3040724300686,8.3,842.072940888169,45.9359508796392,315,5.76302813591713,17.3,275.31,7500,7.5,240.484910402368,488.742722032211
2044,phev,suv,26.56,6.11303909234193,756.166427391088,40.2390028091925,454.400400795167,5.4,24.9994407415935,275.31,7500,7.5,165,13641.1100034349
2044,phev,truck,30.838,7.6,829,40.26,315,6.7,17.3,275.31,7500,7.5,126,243.581951474287
2045,cng,car,51.7057558411813,9.20963462240242,407.562019640141,37.5412846163203,5,4.00003178135793,0,437,0,0,97.6045667276504,106.313213001756
2045,cng,suv,34.2098085670694,8.65622036984283,408.742946953354,34.8134326129009,5,4.1,0,437,0,0,149.712454094154,322.398364912133
2045,conv,car,18.9614187697125,7.6,634.830415547406,34.45,5,11.9013062409289,0,437,0,0,117,39510.1743525769
2045,conv,minvan,29.9861730839738,7.4085824822029,526.216634677581,25.2021187945912,5,16.2687352869348,0,437,0,0,228.686724801786,2756.96643298088
2045,conv,suv,33.7481548705073,7.5,542,26.3451323633072,5,15.5626522292406,0,437,0,0,172.987348419864,26790.812458956
2045,conv,truck,35.0230558878656,7.21590622799625,559.451866483503,22.15,5,18.510158013544,0,437,0,0,133.672614145683,3012.9399502811
2045,conv,van,23.0983256731566,8.7611103973999,498.819749373693,32.0084874124522,5,12.8096718903917,0,437,0,0,295.625583092758,728.054073575504
2045,ev,car,26.5510501310566,4.2,337,155.248708082819,575.699337532131,3.1,73.6699337532131,196.65,7500,0,115,112544.219493538
2045,ev,minvan,33.6282053386841,5.95334131166658,277.782254742039,85.635327606138,885.431378641688,5.66988275013009,113.288916346461,196.65,7500,0,198.541037454471,1283.80130454881
2045,ev,suv,36.845,4,379,128.9,818.64925026291,3.7,104.786566701721,196.65,7500,0,159,123295.301508972
2045,ev,truck,34.2421083876534,5.74059073213565,268.016503239052,75.3306374101735,937,6.3885221502433,119.9,196.65,7500,0,124.52115267445,1536.99617998277
2045,ev,van,29.808,5.9,309,97.503,834,5,106.8,196.65,7500,0,256,258.662217688161
2045,fuelcell,car,20.5966641462903,7.87517628485997,439.540443436085,74.6332580535732,5,5.35048156760191,1.8,196.65,0,6,112.516619521291,1718.03858182103
2045,fuelcell,minvan,33.0627311043137,10.3746833721808,464.493667443616,62.2651593337384,5,6.4060125291356,1.9,196.65,0,6,234.789561480254,506.911764138507
2045,fuelcell,suv,29.1238019385712,8.2958941196121,470.243338944324,64.9170966257432,5,6.16138927303083,1.8,196.65,0,6,164.412776150837,3611.20680917246
2045,fuelcell,truck,41.11,8.1,473,43.9,5,9.1,1.8,196.65,0,6,113,144.312837527007
2045,hybrid,car,28.3871246209704,8.66437932289873,778.49481852946,56.9382198845648,5,7.20365014956132,1.4,437,0,1.5,111,2403.89538319917
2045,hybrid,suv,38.709599773325,7.88719908250375,745.968954619869,48.4089926822269,5,8.46984724272753,1.9,437,0,1.5,169.801090739673,1450.8380380747
2045,hybrid,truck,28.349,10.4,667,55.22,5,7.4248460702644,1.3,437,0,1.5,131,85.4074770801344
2045,phev,car,37.8070323283147,6.47765303583288,589.842809276335,39.0789096905281,487,5.4,26.8,275.31,7500,7.5,96.6319535034144,209.117930435866
2045,phev,minvan,31.2636985376453,8.3,842.071588447127,46.0821204206278,315,5.76304185633349,17.3,275.31,7500,7.5,240.484518390472,477.190169284959
2045,phev,suv,26.509,6.11272468709095,756.162384216909,40.3621782927049,454.715558743423,5.4,25.0168477212937,275.31,7500,7.5,165,13308.8470219087
2045,phev,truck,30.797,7.6,829,40.39,315,6.7,17.3,275.31,7500,7.5,126,237.710542522
2046,cng,car,33.477,9.8,442,37.74,5,3.8,0,437,0,0,97,41.4890942695604
2046,cng,suv,34.1984635371418,8.65694666545789,408.739425785757,34.9232741603591,5,4.1,0,437,0,0,149.689169728685,313.664130481347
2046,conv,car,18.961856393963,7.6,634.708738736303,34.57,5,11.859994214637,0,437,0,0,117,38314.5785757021
2046,conv,minvan,29.9874162819742,7.4087525623619,526.218845654646,25.2923354883548,5,16.2107026257484,0,437,0,0,228.685707285791,2670.99669159225
2046,conv,suv,33.8730063784224,7.5,533.519722494458,26.2166716090139,5,15.6389269082843,0,437,0,0,173,24859.9156221881
2046,conv,truck,35.0239538393274,7.21565811154827,559.424008027176,22.23,5,18.4435447593342,0,437,0,0,133.678867123672,2920.8860134006
2046,conv,van,23.0982677466254,8.76169182091542,498.81347784552,32.1201382938709,5,12.7651606285196,0,437,0,0,295.623666764974,705.866211009157
2046,ev,car,26.4691554905553,4.2,337,155.226144136655,577.11291395451,3.1,73.8225827909019,196.65,7500,0,115,115449.697362017
2046,ev,minvan,33.5102608376322,5.95388765237231,277.755754687696,85.6369522070106,885.297525168786,5.66972758290252,113.271774906819,196.65,7500,0,198.595345984119,1255.89415244248
2046,ev,suv,36.727,4,379,128.837691372975,820.086132504846,3.71765952516846,104.978151000646,196.65,7500,0,159,125791.191438154
2046,ev,truck,34.1487258260601,5.74077867791069,267.97478443275,75.3189144256028,937,6.38944923482777,119.9,196.65,7500,0,124.546301487666,1504.68894767839
2046,ev,van,29.684,5.9,309,97.503,834,5,106.8,196.65,7500,0,256,252.680601148151
2046,fuelcell,car,20.4038051896078,7.92507991338223,440.279259398789,74.9940077841626,5,5.33483010451604,1.8,196.65,0,6,112.608583651511,1657.85966175938
2046,fuelcell,minvan,32.9041504264634,10.3746531236976,464.493062473953,62.3753536802427,5,6.40598984277323,1.9,196.65,0,6,234.790355502937,496.756155841369
2046,fuelcell,suv,28.9682647758696,8.29552992174164,470.238549053086,65.0327524108144,5,6.16223412856939,1.8,196.65,0,6,164.408478356569,3543.55474269516
2046,fuelcell,truck,40.802,8.1,473,43.98,5,9.1,1.8,196.65,0,6,113,143.516358446295
2046,hybrid,car,28.4082379406314,8.6613755503427,778.467767244094,57.0644657167879,5,7.18799795723068,1.4,437,0,1.5,111,2329.71786155406
2046,hybrid,suv,38.7617651870368,7.88776956905562,745.972834864237,48.5512435111415,5,8.44501698824294,1.9,437,0,1.5,169.812743635754,1407.36794542476
2046,hybrid,truck,28.335,10.4,667,55.39,5,7.40205813323705,1.3,437,0,1.5,131,82.7255403391556
2046,phev,car,35.1501571368827,6.45705584815517,591.81114145998,39.383680721618,487,5.4,26.8,275.31,7500,7.5,96.0544935853942,176.628837526603
2046,phev,minvan,31.2227000629406,8.3,842.070480601077,46.2345448905511,315,5.7630530953514,17.3,275.31,7500,7.5,240.484197275674,463.571769603858
2046,phev,suv,26.458,6.11223048107177,756.157445681183,40.4904125070065,455.073253928,5.4,25.0366041413721,275.31,7500,7.5,165,12921.1513542064
2046,phev,truck,30.756,7.6,829,40.52,315,6.7,17.3,275.31,7500,7.5,126,230.81757686805
2047,cng,car,33.462,9.8,442,37.87,5,3.8,0,437,0,0,97,40.293055657143
2047,cng,suv,34.1868508288076,8.6576729568847,408.735912888466,35.0367956444233,5,4.1,0,437,0,0,149.666085580044,304.964945836311
2047,conv,car,18.957,7.6,636.889964841948,34.69,5,11.8189680023061,0,437,0,0,117,36835.9459988285
2047,conv,minvan,29.9884211816616,7.408848140428,526.220078451193,25.3742189254596,5,16.1583689457114,0,437,0,0,228.685134048405,2591.2446722281
2047,conv,suv,34.2538535584005,7.5,531.589042105093,26.1650686971668,5,15.6703784441914,0,437,0,0,173,23575.2311664156
2047,conv,truck,35.0246843770655,7.21539764277611,559.400134798463,22.31,5,18.3774092335276,0,437,0,0,133.688862244629,2835.53324527446
2047,conv,van,23.0982341816203,8.7620328814006,498.808805793049,32.2302557702602,5,12.7215440367665,0,437,0,0,295.623362296724,684.893554944559
2047,ev,car,26.3679319747892,4.2,337,155.245912922417,575.893368357634,3.1,73.6893368357634,196.65,7500,0,115,117853.329258348
2047,ev,minvan,33.3926810292038,5.95443310369705,277.729375280779,85.6385771634601,885.163889594223,5.57694098787648,113.254661371505,196.65,7500,0,198.64966640029,1227.80362239065
2047,ev,suv,36.608,4,379,128.61,821,3.7,105.1,196.65,7500,0,159,127608.280202097
2047,ev,truck,33.8742071601886,5.659434972877,271.078608805727,76.1910890744093,937,6.32047535987274,119.9,196.65,7500,0,121.071292882239,1682.463420208
2047,ev,van,29.56,5.9,309,97.503,834,4.9,106.8,196.65,7500,0,256,246.679900822403
2047,fuelcell,car,20.207183179811,7.85515467312241,441.154906512891,75.39770492933,5,5.31602816903173,1.8,196.65,0,6,112.716501470565,1593.76379196173
2047,fuelcell,minvan,32.7459130422899,10.3746218154941,464.492436309881,62.4921220627571,5,6.40596636162054,1.9,196.65,0,6,234.791177343281,486.478610991268
2047,fuelcell,suv,28.8106484653323,8.29508839854845,470.233876545232,65.1486399838295,5,6.16303431671937,1.8,196.65,0,6,164.405148579784,3474.60954073368
2047,fuelcell,truck,40.494,8.1,473,44.07,5,9.1,1.8,196.65,0,6,113,142.187551368554
2047,hybrid,car,27.9518273101926,8.7018972692631,781.377467140472,57.6712087553836,5,7.10926923354927,1.4,437,0,1.5,111,2218.47147395062
2047,hybrid,suv,38.8141069327145,7.88838045433515,745.974472143604,48.6935431602173,5,8.42032367615859,1.9,437,0,1.5,169.81985391145,1364.6248267069
2047,hybrid,truck,28.322,10.4,667,55.56,5,7.37940964722822,1.3,437,0,1.5,131,80.089692537979
2047,phev,car,35.1083423069871,6.45711827347175,591.818029476556,39.5043488592259,487,5.29452380931676,26.8,275.31,7500,7.5,96.0547619068324,171.603620901332
2047,phev,minvan,31.1820776224716,8.3,842.069208848542,46.3807178722033,315,5.76306599718871,17.3,275.31,7500,7.5,240.483828651751,450.087943270652
2047,phev,suv,26.407,6.11175533980824,756.152686187286,40.6133628080552,455.421154077275,5.4,25.0558195565937,275.31,7500,7.5,165,12537.7789530134
2047,phev,truck,30.715,7.6,829,40.65,315,6.7,17.3,275.31,7500,7.5,126,224.004379237831
2048,cng,car,33.448,9.8,442,37.99,5,3.8,0,437,0,0,97,39.1282345138625
2048,cng,suv,34.1750322936237,8.65844206275344,408.732209204163,35.1529494141874,5,4.1,0,437,0,0,149.641969199868,296.504351467379
2048,conv,car,18.957,7.6,637.250248707245,34.81,5,11.7782246480896,0,437,0,0,117,35724.6734265583
2048,conv,minvan,30.8649098840431,7.29590804886982,527.749362714629,25.3276854412586,5,16.1881294887292,0,437,0,0,229.307180636206,2200.59278974298
2048,conv,suv,34.4730451485089,7.5,531.753869739546,26.2603429093291,5,15.6133071700296,0,437,0,0,173,22309.4865393004
2048,conv,truck,35.0253000549911,7.21506088878359,559.377557636949,22.38,5,18.3199285075961,0,437,0,0,133.706611533086,2759.28441141061
2048,conv,van,23.0982343222458,8.76204368409056,498.80632426105,32.3402594911868,5,12.6782684982781,0,437,0,0,295.625192441749,665.487498348043
2048,ev,car,26.292,4.2,338.540970961476,155.095834958914,578,3.1,74,196.65,7500,0,115,120598.441434284
2048,ev,minvan,33.2751767906533,5.95497525624055,277.70227252572,85.640202226263,885.031062221066,5.57642868454755,113.237651335453,196.65,7500,0,198.703990371732,1200.11807061262
2048,ev,suv,36.49,4,379,128.61,821,3.73712318765023,105.1,196.65,7500,0,159,129223.06617134
2048,ev,truck,33.7588901645443,5.6596961551009,271.031190985816,76.1777646670143,937,6.32152908920409,119.9,196.65,7500,0,121.100563149992,1645.49590606487
2048,fuelcell,car,20.0047055367196,7.93085860935037,442.553559084915,75.8722265115919,5,5.29236821981552,1.8,196.65,0,6,112.849353869922,1524.23703474859
2048,fuelcell,minvan,32.5879895905428,10.3745884631254,464.491769262507,62.6023367686305,5,6.40594134734402,1.9,196.65,0,6,234.792052842959,476.351627900602
2048,fuelcell,suv,28.6532109338637,8.29454432083744,470.229188601196,65.2685601880627,5,6.1,1.8,196.65,0,6,164.40292501686,3406.17657581185
2048,fuelcell,truck,40.186,8,473,44.15,5,9.1,1.8,196.65,0,6,113,140.333800796715
2048,hybrid,car,27.9758606283931,8.70060577746505,781.36521749901,57.839920715188,5,7.08853229133824,1.4,437,0,1.5,111,2148.9678955924
2048,hybrid,suv,38.8742914019723,7.88907803389658,745.974972368751,48.835572174968,5,8.39582095765296,1.9,437,0,1.5,169.825038767345,1323.45591613753
2048,hybrid,truck,28.308,10.4,667,55.73,5,7.35689933608469,1.3,437,0,1.5,131,77.5395254382554
2048,phev,car,27.299,6.4,586,39.06,487,5.3,26.8,275.31,7500,7.5,96,92.0359575508259
2048,phev,minvan,31.1410796239594,8.3,842.067770279193,46.5268813949241,315,5.76308059137051,17.3,275.31,7500,7.5,240.483411675128,436.951927864933
2048,phev,suv,26.356,6.11140050048469,756.148606883002,40.7464504039216,455.733858763432,5.4,25.0730910363523,275.31,7500,7.5,165,12163.8808660815
2048,phev,truck,30.675,7.6,829,40.78,315,6.7,17.3,275.31,7500,7.5,126,217.374507133577
2049,cng,car,33.433,9.8,442,38.11,5,3.8,0,437,0,0,97,37.811471482355
2049,cng,suv,34.1638379303941,8.65920856761175,408.728518987325,35.2664259493663,5,4.1,0,437,0,0,149.618029112536,286.867414919843
2049,conv,car,18.957,7.6,643.068562992304,34.93,5,11.7377612367592,0,437,0,0,117,34096.2013342564
2049,conv,minvan,30.8048560425162,7.43411101830557,519.920962409088,25.2787146173278,5,16.2193641936996,0,437,0,0,229.948584629976,1803.88376496219
2049,conv,suv,34.4550036923349,7.5,531.547273216602,26.3569753907604,5,15.5556568995984,0,437,0,0,173,21517.3730803903
2049,conv,truck,34.9886434424674,7.2,559.570102652343,22.46,5,18.2546749777382,0,437,0,0,133.399328169736,2551.75513785298
2049,conv,van,23.0982176046054,8.76222038319428,498.802799241161,32.4603203542114,5,12.6313715746455,0,437,0,0,295.625869839937,642.886851121933
2049,ev,car,26.2,4.2,339,155.15653600988,577.791124756242,3.1,73.9582249512485,196.65,7500,0,115,122059.631146601
2049,ev,minvan,33.158015415865,5.95551387642915,277.67542225207,85.6418210008271,884.899100274858,5.57591920220232,113.220752127035,196.65,7500,0,198.75810413462,1167.40782185943
2049,ev,suv,36.372,4,381,128.550665771389,823.388221835315,3.70307639303664,105.407057093112,196.65,7500,0,159,129792.914162422
2049,ev,truck,34.1678970742862,5.55721486184343,272.27804721438,76.5281312672409,937,6.3,119.9,196.65,7500,0,127.744916777808,2032.784663485
2049,fuelcell,car,19.8447580756103,7.92593536409087,442.602913786931,75.9943548105828,5,5.29364022700478,1.8,196.65,0,6,112.855032564739,1484.75095450568
2049,fuelcell,minvan,32.4297524853067,10.37455418578,464.4910837156,62.7156935743968,5,6.3715963661125,1.9,196.65,0,6,234.792952623275,464.146377349607
2049,fuelcell,suv,28.4951175481346,8.29406121970403,470.224494314961,65.3843416628783,5,6.1,1.8,196.65,0,6,164.399977304845,3322.94583468964
2049,fuelcell,truck,39.879,8,473,44.23,5,9,1.8,196.65,0,6,113,138.129151646854
2049,hybrid,car,27.9986838275326,8.6984389739319,781.353364195438,58.0171343962911,5,7.0668795032731,1.4,437,0,1.5,111,2071.35505860047
2049,hybrid,suv,38.9324187048566,7.88974415543992,745.976641806478,48.9816949143304,5,8.37077082487707,1.89943145232457,437,0,1.5,169.832490085875,1277.11169827578
2049,hybrid,truck,28.294,10.4,667,55.9,5,7.3345259391771,1.3,437,0,1.5,131,74.6992525978321
2049,phev,car,27.249,6.4,586,39.17,487,5.3,26.8,275.31,7500,7.5,96,88.9059243129514
2049,phev,minvan,31.10008148786,8.3,842.066430600597,46.6730499038297,315,5.76309418231279,17.3,275.31,7500,7.5,240.483023362492,422.133106023831
2049,phev,suv,26.305,6.11098430766229,756.144183269264,40.8693782653558,456.070263750135,5.4,25.0916715443389,275.31,7500,7.5,165,11744.0394273782
2049,phev,truck,30.634,7.6,829,40.91,315,6.7,17.3,275.31,7500,7.5,126,209.913910148689
2050,cng,suv,33.6734428662061,8.52059287945107,409.282371517804,35.4105304334792,5,4.1,0,437,0,0,149.982845221814,216.56167583598
2050,conv,car,18.957,7.6,644.11881958104,35.05,5,11.69757489301,0,437,0,0,117,32741.2059347479
2050,conv,minvan,30.8145671650329,7.43419752080364,519.923187278994,25.3652686329906,5,16.1640385378991,0,437,0,0,229.947889497168,1739.94493301889
2050,conv,suv,34.435046215878,7.5,531.744951348938,26.4658665500618,5,15.4916566329735,0,437,0,0,173,20709.9353448208
2050,conv,truck,34.9727008133629,7.2,558.821074694041,22.54,5,18.2005848531905,0,437,0,0,134.490846962869,2412.99702024851
2050,conv,van,23.098203328658,8.76237217268035,498.79947109681,32.5703726372566,5,12.5886878271591,0,437,0,0,295.626714301793,619.884013210765
2050,ev,car,26.107,4.2,339,155.084,578,3.1,74,196.65,7500,0,115,123291.14613619
2050,ev,minvan,33.0405331879276,5.95604986247727,277.649000604386,85.6434344314771,884.767783693069,5.56910845926676,113.203935564776,196.65,7500,0,198.812039256636,1133.22700433256
2050,ev,suv,36.3476146772827,4,381.577260370559,127.406394731847,839.20465179227,3.70231188256345,107.425581474034,196.65,7500,0,159,130410.84269841
2050,ev,truck,34.0521969473485,5.55802656714085,272.271619061206,76.5263249561988,937,6.27283809387944,119.9,196.65,7500,0,127.751307444966,1974.2305184969
2050,fuelcell,car,19.6087114490061,8.0280314275572,440.83267328451,76.8140260766708,5,5.24553988798076,1.8,196.65,0,6,113.112055930774,1376.04291540766
2050,fuelcell,minvan,32.2721718776107,10.3745192254139,464.490384508278,62.832488015445,5,6.37157451588369,1.9,196.65,0,6,234.793870332885,451.263349008852
2050,fuelcell,suv,28.3373869630161,8.29356651662105,470.2198880116,65.500208303705,5,6.1,1.8,196.65,0,6,164.397229005363,3234.66057333392
2050,fuelcell,truck,39.571,8,473,44.32,5,9,1.8,196.65,0,6,113,135.583264525337
2050,hybrid,car,27.2867714786184,8.72771495408155,785.718430703003,58.2386786822965,5,7.04000356915101,1.4,437,0,1.5,111,1941.30840399946
2050,hybrid,suv,38.9876935954534,7.89040480007712,745.977438617618,49.1179098882872,5,8.34755328478203,1.897917059279,437,0,1.5,169.838052477538,1229.76381022575
2050,hybrid,truck,28.281,10.4,667,56.07,5,7.31228821116462,1.3,437,0,1.5,131,71.811820942608
2050,phev,minvan,31.0597075631445,8.3,842.065033084512,46.8254561650768,315,5.72552145143903,17.3,275.31,7500,7.5,240.482618285366,406.96755251554
2050,phev,suv,26.255,6.1105160860322,756.139520358172,40.9975772997881,456.422517270026,5.3,25.1111274073561,275.31,7500,7.5,165,11315.4958528096
2050,phev,truck,30.593,7.6,829,41.04,315,6.7,17.3,275.31,7500,7.5,126,202.291017034097
