,vehicleTypeId,bodytype,modelyear,adopt_fuel,sampleProbabilityWithinCategory
0,2046_Toyota_Sienna_2WDc6,minvan,2046,conv,0.0108911497153996
1,2046_Honda_Odysseyc5,minvan,2046,ev,0.001576552456125
2,2046_Honda_Odysseyc5,minvan,2046,fuelcell,0.001576552456125
3,2046_Chevrolet_City_Express_Cargo_Van,van,2046,conv,0.0046733691375268
4,2046_Chrysler_Town_and_Countryc4,minvan,2046,conv,0.0026331340717166
5,2046_Chrysler_Town_and_Countryc4,minvan,2046,phev,0.0026331340717166
6,2046_Chrysler_Town_and_Countryc4,minvan,2046,fuelcell,0.0026331340717166
7,2046_Ram_1500_4WDc6,truck,2046,phev,0.0033037711234045
8,2046_Ram_1500_4WDc6,truck,2046,fuelcell,0.0033037711234045
9,2046_Toyota_Camry,car,2046,conv,0.2689420474935979
10,2046_Kia_Soulc6,car,2046,fuelcell,0.0079847453858963
11,2046_Toyota_Highlander_2WDc2,suv,2046,conv,0.1450084863563288
12,2046_Toyota_Highlander_2WDc2,suv,2046,phev,0.1450084863563288
13,2046_Tesla_Model_Ye3,suv,2046,ev,0.3788875060741623
14,2046_Tesla_Model_Ye3,suv,2046,ev,0.3788875060741623
15,2046_Tesla_Model_Ye3,suv,2046,ev,0.3788875060741623
16,2046_Tesla_Model_Ye3,suv,2046,ev,0.3788875060741623
17,2046_Tesla_Model_Ye3,suv,2046,ev,0.3788875060741623
18,2046_Tesla_Model_Ye3,suv,2046,ev,0.3788875060741623
19,2046_Buick_Regal_eAssist,car,2046,hybrid,0.0130213346009829
20,2046_Infiniti_QX60_Hybrid_FWD,suv,2046,hybrid,0.003656050835891
21,2046_Honda_CR-V_4WDc5,suv,2046,fuelcell,0.0146620697431666
22,2043_Buick_Regal_eAssist,car,2043,hybrid,0.0141135991428207
23,2043_Tesla_Model_Ye3,suv,2043,ev,0.3462410607674152
24,2043_Tesla_Model_Ye3,suv,2043,ev,0.3462410607674152
25,2043_Tesla_Model_Ye3,suv,2043,ev,0.3462410607674152
26,2043_Tesla_Model_Ye3,suv,2043,ev,0.3462410607674152
27,2043_Tesla_Model_Ye3,suv,2043,ev,0.3462410607674152
28,2043_Tesla_Model_Ye3,suv,2043,ev,0.3462410607674152
29,2043_Infiniti_QX60_Hybrid_FWD,suv,2043,hybrid,0.0039038421309858
30,2043_Chevrolet_City_Express_Cargo_Van,van,2043,conv,0.0049609167305976
31,2043_Ram_1500_4WDc6,truck,2043,phev,0.0011037181454025
32,2043_Ram_1500_4WDc6,truck,2043,fuelcell,0.0011037181454025
33,2043_Honda_Odysseyc5,minvan,2043,ev,0.0024548994129724
34,2043_Honda_Odysseyc5,minvan,2043,fuelcell,0.0024548994129724
35,2043_Volkswagen_Passat,car,2043,conv,0.2739606325596494
36,2043_Volkswagen_Passat,car,2043,conv,0.2739606325596494
37,2043_Chevrolet_Silverado_C15_2WD,truck,2043,conv,0.0226478844096515
38,2043_Toyota_Highlander_2WDc2,suv,2043,conv,0.1579323105889551
39,2043_Toyota_Highlander_2WDc2,suv,2043,phev,0.1579323105889551
40,2043_Kia_Soulc6,car,2043,fuelcell,0.0083083948703892
41,2043_Honda_CR-V_4WDc5,suv,2043,fuelcell,0.0150539700375529
42,2043_Chrysler_Town_and_Countryc4,minvan,2043,conv,0.0027968222227739
43,2043_Chrysler_Town_and_Countryc4,minvan,2043,phev,0.0027968222227739
44,2043_Chrysler_Town_and_Countryc4,minvan,2043,fuelcell,0.0027968222227739
45,2043_Toyota_Sienna_2WD,minvan,2043,conv,0.0147993886286816
46,2035_Chrysler_Town_and_Countryc4,minvan,2035,conv,0.0033187837387488
47,2035_Chrysler_Town_and_Countryc4,minvan,2035,phev,0.0033187837387488
48,2035_Chrysler_Town_and_Countryc4,minvan,2035,fuelcell,0.0033187837387488
49,2035_Ram_1500_4WDc6,truck,2035,phev,0.0035419790723789
50,2035_Ram_1500_4WDc6,truck,2035,fuelcell,0.0035419790723789
51,2035_Honda_Odysseyc5,minvan,2035,ev,0.0019027030979546
52,2035_Honda_Odysseyc5,minvan,2035,fuelcell,0.0019027030979546
53,2035_Honda_CR-V_4WDc5,suv,2035,fuelcell,0.0155153316837399
54,2035_Chevrolet_Silverado_C15_2WD,truck,2035,conv,0.029506999979005
55,2035_Toyota_Prius_v,truck,2035,hybrid,0.0005371706931197
56,2035_Toyota_Sienna_2WD,minvan,2035,conv,0.0178869989905024
57,2035_Chevrolet_City_Express_Cargo_Van,van,2035,conv,0.0059152555996645
58,2035_Buick_LaCrosse_eAssist,car,2035,hybrid,0.0193343918228145
59,2035_Toyota_Tundra_2WDc2,truck,2035,ev,0.0020345465053808
60,2035_Tesla_Model_Ye3,suv,2035,ev,0.2364459745024032
61,2035_Tesla_Model_Ye3,suv,2035,ev,0.2364459745024032
62,2035_Tesla_Model_Ye3,suv,2035,ev,0.2364459745024032
63,2035_Tesla_Model_Ye3,suv,2035,ev,0.2364459745024032
64,2035_Tesla_Model_Ye3,suv,2035,ev,0.2364459745024032
65,2035_Tesla_Model_Ye3,suv,2035,ev,0.2364459745024032
66,2035_Toyota_Mirai,car,2035,fuelcell,0.0111047571936609
67,2035_Chevrolet_Malibu,car,2035,conv,0.2966648700056611
68,2035_Chevrolet_Malibu,car,2035,conv,0.2966648700056611
69,2035_Toyota_Highlander_2WDc2,suv,2035,conv,0.2027668460472073
70,2035_Toyota_Highlander_2WDc2,suv,2035,phev,0.2027668460472073
71,2030_Honda_Odysseyc5,minvan,2030,ev,0.0031425680758316
72,2030_Honda_Odysseyc5,minvan,2030,fuelcell,0.0031425680758316
73,2030_Tesla_Model_Ye3,suv,2030,ev,0.1659238298584509
74,2030_Tesla_Model_Ye3,suv,2030,ev,0.1659238298584509
75,2030_Tesla_Model_Ye3,suv,2030,ev,0.1659238298584509
76,2030_Tesla_Model_Ye3,suv,2030,ev,0.1659238298584509
77,2030_Tesla_Model_Ye3,suv,2030,ev,0.1659238298584509
78,2030_Tesla_Model_Ye3,suv,2030,ev,0.1659238298584509
79,2030_Ram_1500_4WDc6,truck,2030,phev,0.0006879045899642
80,2030_Ram_1500_4WDc6,truck,2030,fuelcell,0.0006879045899642
81,2030_Buick_LaCrosse_eAssist,car,2030,hybrid,0.0186270184234346
82,2030_Infiniti_QX60_Hybrid_FWD,suv,2030,hybrid,0.0057785495674154
83,2030_Audi_S3c6,car,2030,cng,0.0056690818242198
84,2030_Audi_S3c6,car,2030,conv,0.0056690818242198
85,2030_Audi_S3c6,car,2030,ev,0.0056690818242198
86,2030_Audi_S3c6,car,2030,fuelcell,0.0056690818242198
87,2030_Audi_S3c6,car,2030,hybrid,0.0056690818242198
88,2030_Audi_S3c6,car,2030,phev,0.0056690818242198
89,2030_Chrysler_Town_and_Countryc4,minvan,2030,conv,0.0054947774671972
90,2030_Chrysler_Town_and_Countryc4,minvan,2030,phev,0.0054947774671972
91,2030_Chrysler_Town_and_Countryc4,minvan,2030,fuelcell,0.0054947774671972
92,2030_Honda_CR-V_2WDc4,suv,2030,fuelcell,0.0186424696265763
93,2030_Ford_Fusion_FWD,car,2030,conv,0.2825200880310377
94,2030_Ford_Fusion_FWD,car,2030,conv,0.2825200880310377
95,2030_Ford_Fusion_FWD,car,2030,conv,0.2825200880310377
96,2030_Toyota_Sienna_2WD,minvan,2030,conv,0.0178190789446774
97,2030_Toyota_Highlander_2WD,suv,2030,conv,0.2166573843100221
98,2030_Toyota_Highlander_2WD,suv,2030,conv,0.2166573843100221
99,2030_Kia_Soulc6,car,2030,fuelcell,0.0133304839265943
100,2030_GMC_Sierra_K15_4WDc2,truck,2030,ev,0.0008725319652924
101,2030_Chevrolet_City_Express_Cargo_Van,van,2030,conv,0.0056388877380843
102,2030_Chevrolet_Silverado_C15_2WD,truck,2030,conv,0.0332241741223808
103,2030_Toyota_Prius_v,truck,2030,hybrid,0.0005339901162896
104,2049_Ram_1500_4WDc6,truck,2049,phev,0.0031294299085061
105,2049_Ram_1500_4WDc6,truck,2049,fuelcell,0.0031294299085061
106,2049_Nissan_Murano_FWDc3,truck,2049,ev,0.0030177610722515
107,2049_Toyota_Camry,car,2049,conv,0.2631081783119979
108,2049_Infiniti_QX60_Hybrid_FWD,suv,2049,hybrid,0.0034580402596618
109,2049_Chevrolet_City_Express_Cargo_Van,van,2049,conv,0.0044548669618712
110,2049_Honda_CR-V_4WDc5,suv,2049,fuelcell,0.0141736839068307
111,2049_Honda_Odysseyc5,minvan,2049,ev,0.0015139529961049
112,2049_Honda_Odysseyc5,minvan,2049,fuelcell,0.0015139529961049
113,2049_Toyota_Mirai,car,2049,fuelcell,0.0042257668201909
114,2049_Chrysler_Town_and_Countryc4,minvan,2049,conv,0.0024972476743615
115,2049_Chrysler_Town_and_Countryc4,minvan,2049,phev,0.0024972476743615
116,2049_Chrysler_Town_and_Countryc4,minvan,2049,fuelcell,0.0024972476743615
117,2049_Buick_Regal_eAssist,car,2049,hybrid,0.0127112800188184
118,2049_Tesla_Model_Ye3,suv,2049,ev,0.4061162092739668
119,2049_Tesla_Model_Ye3,suv,2049,ev,0.4061162092739668
120,2049_Tesla_Model_Ye3,suv,2049,ev,0.4061162092739668
121,2049_Tesla_Model_Ye3,suv,2049,ev,0.4061162092739668
122,2049_Tesla_Model_Ye3,suv,2049,ev,0.4061162092739668
123,2049_Tesla_Model_Ye3,suv,2049,ev,0.4061162092739668
124,2049_Toyota_Highlander_2WDc2,suv,2049,conv,0.1348879722815931
125,2049_Toyota_Highlander_2WDc2,suv,2049,phev,0.1348879722815931
126,2022_Honda_Odysseyc6,minvan,2022,phev,0.0042947660821081
127,2022_Toyota_Prius_v,truck,2022,hybrid,0.0007417721246448
128,2022_Ram_1500_4WDc6,truck,2022,phev,0.0027051995335966
129,2022_Tesla_Model_S_(60_kW-hr_battery_pack),car,2022,ev,0.0653456808073616
130,2022_Kia_Optimac4,car,2022,phev,0.005479527703229
131,2022_Honda_CR-V_4WDc3,suv,2022,phev,0.0269775372162334
132,2022_Honda_Clarity_FCV,car,2022,fuelcell,0.0015435451052369
133,2022_Toyota_Highlander_2WD,suv,2022,conv,0.2838182141130489
134,2022_Toyota_Highlander_2WD,suv,2022,conv,0.2838182141130489
135,2022_Chevrolet_City_Express_Cargo_Van,van,2022,conv,0.0072544467840709
136,2022_Kia_Optima,car,2022,conv,0.3673999247371443
137,2022_Kia_Optima,car,2022,conv,0.3673999247371443
138,2022_Buick_Regal_eAssist,car,2022,hybrid,0.0244176596435002
139,2022_Infiniti_QX60_Hybrid_FWD,suv,2022,hybrid,0.0075386257981825
140,2022_Toyota_Sienna_2WD,minvan,2022,conv,0.0238410841336843
141,2022_Chevrolet_Silverado_C15_2WD,truck,2022,conv,0.0540043228038776
142,2022_Chevrolet_Silverado_C15_2WD,truck,2022,conv,0.0540043228038776
143,2022_Chevrolet_Silverado_C15_2WD,truck,2022,conv,0.0540043228038776
144,2022_Honda_Odysseyc5,minvan,2022,ev,0.01201448434196
145,2022_Hyundai_Tucson_Fuel_Cell,suv,2022,fuelcell,0.0004919434388483
146,2022_Tesla_Model_Ye3,suv,2022,ev,0.1111737723725923
147,2027_Audi_S3c6,car,2027,cng,0.0066136536810761
148,2027_Audi_S3c6,car,2027,conv,0.0066136536810761
149,2027_Audi_S3c6,car,2027,ev,0.0066136536810761
150,2027_Audi_S3c6,car,2027,fuelcell,0.0066136536810761
151,2027_Audi_S3c6,car,2027,hybrid,0.0066136536810761
152,2027_Audi_S3c6,car,2027,phev,0.0066136536810761
153,2027_Chevrolet_Silverado_C15_2WD,truck,2027,conv,0.0435950648804394
154,2027_Chevrolet_Silverado_C15_2WD,truck,2027,conv,0.0435950648804394
155,2027_Chevrolet_Silverado_C15_2WD,truck,2027,conv,0.0435950648804394
156,2027_Chrysler_Town_and_Countryc4,minvan,2027,conv,0.0063785106176103
157,2027_Chrysler_Town_and_Countryc4,minvan,2027,phev,0.0063785106176103
158,2027_Chrysler_Town_and_Countryc4,minvan,2027,fuelcell,0.0063785106176103
159,2027_Infiniti_QX60_Hybrid_FWD,suv,2027,hybrid,0.0068621975330296
160,2027_Tesla_Model_Ye3,suv,2027,ev,0.0959035579183417
161,2027_Tesla_Model_Ye3,suv,2027,ev,0.0959035579183417
162,2027_Tesla_Model_Ye3,suv,2027,ev,0.0959035579183417
163,2027_Tesla_Model_Ye3,suv,2027,ev,0.0959035579183417
164,2027_Tesla_Model_Ye3,suv,2027,ev,0.0959035579183417
165,2027_Toyota_Highlander_2WD,suv,2027,conv,0.2610955615997364
166,2027_Toyota_Highlander_2WD,suv,2027,conv,0.2610955615997364
167,2027_Toyota_Mirai,car,2027,fuelcell,0.0099843007307517
168,2027_Honda_Odysseyc5,minvan,2027,ev,0.0022759548966965
169,2027_Honda_Odysseyc5,minvan,2027,fuelcell,0.0022759548966965
170,2027_Lexus_ES_350c3,car,2027,ev,0.0162405878200456
171,2027_Buick_LaCrosse_eAssist,car,2027,hybrid,0.0226652629609568
172,2027_Chevrolet_City_Express_Cargo_Van,van,2027,conv,0.0066730749840007
173,2027_Toyota_Sienna_2WD,minvan,2027,conv,0.0223062365040887
174,2027_Toyota_Prius_v,truck,2027,hybrid,0.0006438407416072
175,2027_Ram_1500_4WDc6,truck,2027,phev,0.0005695481883827
176,2027_Ram_1500_4WDc6,truck,2027,fuelcell,0.0005695481883827
177,2027_Honda_CR-V_4WDc5,suv,2027,fuelcell,0.0133592588853535
178,2027_GMC_Sierra_K15_4WDc2,truck,2027,ev,0.0008626585015148
179,2027_Chrysler_200,car,2027,conv,0.3399591828064978
180,2027_Chrysler_200,car,2027,conv,0.3399591828064978
181,2028_Tesla_Model_Ye3,suv,2028,ev,0.1149587605925646
182,2028_Tesla_Model_Ye3,suv,2028,ev,0.1149587605925646
183,2028_Tesla_Model_Ye3,suv,2028,ev,0.1149587605925646
184,2028_Tesla_Model_Ye3,suv,2028,ev,0.1149587605925646
185,2028_Tesla_Model_Ye3,suv,2028,ev,0.1149587605925646
186,2028_Tesla_Model_Ye3,suv,2028,ev,0.1149587605925646
187,2028_Honda_Odysseyc5,minvan,2028,ev,0.0025013436852507
188,2028_Honda_Odysseyc5,minvan,2028,fuelcell,0.0025013436852507
189,2028_Toyota_Mirai,car,2028,fuelcell,0.0104645630648053
190,2028_Honda_CR-V_4WDc5,suv,2028,fuelcell,0.0147248425056758
191,2028_Toyota_Highlander_2WD,suv,2028,conv,0.2457954634666471
192,2028_Toyota_Highlander_2WD,suv,2028,conv,0.2457954634666471
193,2028_Chrysler_Town_and_Countryc4,minvan,2028,conv,0.006093627165371
194,2028_Chrysler_Town_and_Countryc4,minvan,2028,phev,0.006093627165371
195,2028_Chrysler_Town_and_Countryc4,minvan,2028,fuelcell,0.006093627165371
196,2028_Chrysler_200,car,2028,conv,0.3211611673037754
197,2028_Chrysler_200,car,2028,conv,0.3211611673037754
198,2028_Ram_1500_4WDc6,truck,2028,phev,0.0065609317956237
199,2028_Ram_1500_4WDc6,truck,2028,fuelcell,0.0065609317956237
200,2028_Toyota_Sienna_2WD,minvan,2028,conv,0.0211134925469784
201,2028_Chevrolet_Silverado_C15_2WD,truck,2028,conv,0.0393761499730168
202,2028_Chevrolet_Silverado_C15_2WD,truck,2028,conv,0.0393761499730168
203,2028_Chevrolet_Silverado_C15_2WD,truck,2028,conv,0.0393761499730168
204,2028_Infiniti_QX60_Hybrid_FWD,suv,2028,hybrid,0.0064989390290941
205,2028_Audi_S3c6,car,2028,cng,0.0063084496478096
206,2028_Audi_S3c6,car,2028,conv,0.0063084496478096
207,2028_Audi_S3c6,car,2028,ev,0.0063084496478096
208,2028_Audi_S3c6,car,2028,fuelcell,0.0063084496478096
209,2028_Audi_S3c6,car,2028,hybrid,0.0063084496478096
210,2028_Audi_S3c6,car,2028,phev,0.0063084496478096
211,2028_GMC_Sierra_K15_4WDc2,truck,2028,ev,0.0008749421729189
212,2028_Buick_LaCrosse_eAssist,car,2028,hybrid,0.0210941561152471
213,2028_Lexus_ES_350c3,car,2028,ev,0.0200808546582543
214,2028_Chevrolet_City_Express_Cargo_Van,van,2028,conv,0.006327376535563
215,2028_Toyota_Prius_v,truck,2028,hybrid,0.0006066177456849
216,2015_Porsche_Cayenne_S_e-Hybrid,suv,2015,phev,2.2817050217521487e-06
217,2015_Chrysler_200,car,2015,conv,0.4108228591987977
218,2015_Chrysler_200,car,2015,conv,0.4108228591987977
219,2015_Infiniti_QX60_Hybrid_FWD,suv,2015,hybrid,0.0101311132841879
220,2015_Tesla_Model_S_70D,car,2015,ev,0.0418940259213573
221,2015_Toyota_Highlander_2WD,suv,2015,conv,0.3553247844729732
222,2015_Toyota_Highlander_2WD,suv,2015,conv,0.3553247844729732
223,2015_Chevrolet_City_Express_Cargo_Van,van,2015,conv,0.0119662099931779
224,2015_Chevrolet_Volt,car,2015,phev,0.0212840605946696
225,2015_Ford_F150_Pickup_4WD,truck,2015,conv,0.0836941611638618
226,2015_Ford_F150_Pickup_4WD,truck,2015,conv,0.0836941611638618
227,2015_Toyota_Prius_v,truck,2015,hybrid,0.0010697590329045
228,2015_Nissan_Quest,minvan,2015,conv,0.0303029473968727
229,2015_Buick_Regal_eAssist,car,2015,hybrid,0.0328069369579174
230,2034_Honda_CR-V_4WDc5,suv,2034,fuelcell,0.0151098729276124
231,2034_Buick_LaCrosse_eAssist,car,2034,hybrid,0.0191611485209497
232,2034_Toyota_Sienna_2WD,minvan,2034,conv,0.0183923695151866
233,2034_Honda_Odysseyc5,minvan,2034,ev,0.0022040407341198
234,2034_Honda_Odysseyc5,minvan,2034,fuelcell,0.0022040407341198
235,2034_Chrysler_Town_and_Countryc4,minvan,2034,conv,0.0034269371065861
236,2034_Chrysler_Town_and_Countryc4,minvan,2034,phev,0.0034269371065861
237,2034_Chrysler_Town_and_Countryc4,minvan,2034,fuelcell,0.0034269371065861
238,2034_Toyota_Mirai,car,2034,fuelcell,0.0104792657918258
239,2034_Infiniti_QX60_Hybrid_FWD,suv,2034,hybrid,0.0057544361770845
240,2034_Tesla_Model_Ye3,suv,2034,ev,0.2217320732236128
241,2034_Tesla_Model_Ye3,suv,2034,ev,0.2217320732236128
242,2034_Tesla_Model_Ye3,suv,2034,ev,0.2217320732236128
243,2034_Tesla_Model_Ye3,suv,2034,ev,0.2217320732236128
244,2034_Tesla_Model_Ye3,suv,2034,ev,0.2217320732236128
245,2034_Tesla_Model_Ye3,suv,2034,ev,0.2217320732236128
246,2034_Ram_1500_4WDc6,truck,2034,phev,0.0036603389040232
247,2034_Ram_1500_4WDc6,truck,2034,fuelcell,0.0036603389040232
248,2034_Chevrolet_Malibu,car,2034,conv,0.3022617877015961
249,2034_Chevrolet_Malibu,car,2034,conv,0.3022617877015961
250,2034_Chevrolet_Silverado_C15_2WD,truck,2034,conv,0.0303735540836211
251,2034_Toyota_Highlander_2WD,suv,2034,conv,0.2105809753017205
252,2034_Toyota_Tundra_2WDc2,truck,2034,ev,0.0020825110402748
253,2034_Toyota_Prius_v,truck,2034,hybrid,0.0005564626235983
254,2034_Lexus_ES_350c3,car,2034,ev,0.0220684409869704
255,2034_Chevrolet_City_Express_Cargo_Van,van,2034,conv,0.0060653916625511
256,2031_Ram_1500_4WDc6,truck,2031,phev,0.0006887592811612
257,2031_Ram_1500_4WDc6,truck,2031,fuelcell,0.0006887592811612
258,2031_Chevrolet_Silverado_C15_2WD,truck,2031,conv,0.0304149095348156
259,2031_Honda_Odysseyc5,minvan,2031,ev,0.0032207169585353
260,2031_Honda_Odysseyc5,minvan,2031,fuelcell,0.0032207169585353
261,2031_Toyota_Sienna_2WD,minvan,2031,conv,0.0168004006477395
262,2031_Tesla_Model_Ye3,suv,2031,ev,0.2002746191721156
263,2031_Tesla_Model_Ye3,suv,2031,ev,0.2002746191721156
264,2031_Tesla_Model_Ye3,suv,2031,ev,0.2002746191721156
265,2031_Tesla_Model_Ye3,suv,2031,ev,0.2002746191721156
266,2031_Tesla_Model_Ye3,suv,2031,ev,0.2002746191721156
267,2031_Tesla_Model_Ye3,suv,2031,ev,0.2002746191721156
268,2031_Honda_CR-V_2WDc4,suv,2031,fuelcell,0.0191721320270742
269,2031_GMC_Sierra_K15_4WDc2,truck,2031,ev,0.0008353207451943
270,2031_Toyota_Prius_v,truck,2031,hybrid,0.0005054483963136
271,2031_Toyota_Mirai,car,2031,fuelcell,0.0144140668336705
272,2031_Ford_Fusion_FWD,car,2031,conv,0.2669948401533994
273,2031_Ford_Fusion_FWD,car,2031,conv,0.2669948401533994
274,2031_Ford_Fusion_FWD,car,2031,conv,0.2669948401533994
275,2031_GMC_Acadia_FWD,suv,2031,conv,0.1999750925095148
276,2031_Infiniti_QX60_Hybrid_FWD,suv,2031,hybrid,0.0054743871963902
277,2031_Chrysler_Town_and_Countryc4,minvan,2031,conv,0.0052156950670968
278,2031_Chrysler_Town_and_Countryc4,minvan,2031,phev,0.0052156950670968
279,2031_Chrysler_Town_and_Countryc4,minvan,2031,fuelcell,0.0052156950670968
280,2031_Buick_LaCrosse_eAssist,car,2031,hybrid,0.0195725727890998
281,2031_Chevrolet_City_Express_Cargo_Van,van,2031,conv,0.0053510001949328
282,2048_Honda_CR-V_4WDc5,suv,2048,fuelcell,0.0142605201618224
283,2048_Chevrolet_City_Express_Cargo_Van,van,2048,conv,0.0045247598108889
284,2048_Nissan_Murano_FWDc3,truck,2048,ev,0.0031875682824524
285,2048_Kia_Soulc6,car,2048,fuelcell,0.0061421882534739
286,2048_Honda_Odysseyc5,minvan,2048,ev,0.0015345887169087
287,2048_Honda_Odysseyc5,minvan,2048,fuelcell,0.0015345887169087
288,2048_Ram_1500_4WDc6,truck,2048,phev,0.0031853979095093
289,2048_Ram_1500_4WDc6,truck,2048,fuelcell,0.0031853979095093
290,2048_Toyota_Sienna_2WDc6,minvan,2048,conv,0.0105346118152969
291,2048_Chrysler_Town_and_Countryc4,minvan,2048,conv,0.0025408592943726
292,2048_Chrysler_Town_and_Countryc4,minvan,2048,phev,0.0025408592943726
293,2048_Chrysler_Town_and_Countryc4,minvan,2048,fuelcell,0.0025408592943726
294,2048_Infiniti_QX60_Hybrid_FWD,suv,2048,hybrid,0.0035224216996349
295,2048_Toyota_Highlander_2WDc2,suv,2048,conv,0.1382285136623225
296,2048_Toyota_Highlander_2WDc2,suv,2048,phev,0.1382285136623225
297,2048_Toyota_Camry,car,2048,conv,0.2644697066168368
298,2048_Buick_Regal_eAssist,car,2048,hybrid,0.012953421237302
299,2048_Tesla_Model_Ye3,suv,2048,ev,0.3967500228432765
300,2048_Tesla_Model_Ye3,suv,2048,ev,0.3967500228432765
301,2048_Tesla_Model_Ye3,suv,2048,ev,0.3967500228432765
302,2048_Tesla_Model_Ye3,suv,2048,ev,0.3967500228432765
303,2048_Tesla_Model_Ye3,suv,2048,ev,0.3967500228432765
304,2048_Tesla_Model_Ye3,suv,2048,ev,0.3967500228432765
305,2047_Chrysler_Town_and_Countryc4,minvan,2047,conv,0.002588790563919
306,2047_Chrysler_Town_and_Countryc4,minvan,2047,phev,0.002588790563919
307,2047_Chrysler_Town_and_Countryc4,minvan,2047,fuelcell,0.002588790563919
308,2047_Honda_Odysseyc5,minvan,2047,ev,0.0015571834841494
309,2047_Honda_Odysseyc5,minvan,2047,fuelcell,0.0015571834841494
310,2047_Ram_1500_4WDc6,truck,2047,phev,0.0032467505615733
311,2047_Ram_1500_4WDc6,truck,2047,fuelcell,0.0032467505615733
312,2047_Toyota_Sienna_2WDc6,minvan,2047,conv,0.0107079683645681
313,2047_Infiniti_QX60_Hybrid_FWD,suv,2047,hybrid,0.0035918366537096
314,2047_Chevrolet_City_Express_Cargo_Van,van,2047,conv,0.0045981539301159
315,2047_Buick_Regal_eAssist,car,2047,hybrid,0.0132176821530102
316,2047_Toyota_Camry,car,2047,conv,0.2651620383359074
317,2047_Kia_Soulc6,car,2047,fuelcell,0.0081331312744788
318,2047_Honda_CR-V_4WDc5,suv,2047,fuelcell,0.0143684564769628
319,2047_Toyota_Highlander_2WDc2,suv,2047,conv,0.1415522551437759
320,2047_Toyota_Highlander_2WDc2,suv,2047,phev,0.1415522551437759
321,2047_Tesla_Model_Ye3,suv,2047,ev,0.3875675556340021
322,2047_Tesla_Model_Ye3,suv,2047,ev,0.3875675556340021
323,2047_Tesla_Model_Ye3,suv,2047,ev,0.3875675556340021
324,2047_Tesla_Model_Ye3,suv,2047,ev,0.3875675556340021
325,2047_Tesla_Model_Ye3,suv,2047,ev,0.3875675556340021
326,2047_Tesla_Model_Ye3,suv,2047,ev,0.3875675556340021
327,2042_Toyota_Sienna_2WD,minvan,2042,conv,0.015100524876359
328,2042_Ram_1500_4WDc6,truck,2042,phev,0.0006433184693268
329,2042_Ram_1500_4WDc6,truck,2042,fuelcell,0.0006433184693268
330,2042_Tesla_Model_Ye3,suv,2042,ev,0.3343607253829076
331,2042_Tesla_Model_Ye3,suv,2042,ev,0.3343607253829076
332,2042_Tesla_Model_Ye3,suv,2042,ev,0.3343607253829076
333,2042_Tesla_Model_Ye3,suv,2042,ev,0.3343607253829076
334,2042_Tesla_Model_Ye3,suv,2042,ev,0.3343607253829076
335,2042_Tesla_Model_Ye3,suv,2042,ev,0.3343607253829076
336,2042_Toyota_Prius_v,truck,2042,hybrid,0.0004530521299145
337,2042_Chrysler_Town_and_Countryc4,minvan,2042,conv,0.0028447800013372
338,2042_Chrysler_Town_and_Countryc4,minvan,2042,phev,0.0028447800013372
339,2042_Chrysler_Town_and_Countryc4,minvan,2042,fuelcell,0.0028447800013372
340,2042_Buick_Regal_eAssist,car,2042,hybrid,0.0146853880496729
341,2042_Honda_Odysseyc5,minvan,2042,ev,0.0024723301468261
342,2042_Honda_Odysseyc5,minvan,2042,fuelcell,0.0024723301468261
343,2042_Honda_CR-V_4WDc5,suv,2042,fuelcell,0.0151085582063504
344,2042_Chevrolet_City_Express_Cargo_Van,van,2042,conv,0.0050501619753815
345,2042_Kia_Soulc6,car,2042,fuelcell,0.0090840449459066
346,2042_Toyota_Highlander_2WDc2,suv,2042,conv,0.1656486038685398
347,2042_Toyota_Highlander_2WDc2,suv,2042,phev,0.1656486038685398
348,2042_Chevrolet_Silverado_C15_2WD,truck,2042,conv,0.0223829519795423
349,2042_Honda_Accord,car,2042,conv,0.2767245620623993
350,2042_Honda_Accord,car,2042,conv,0.2767245620623993
351,2029_Audi_S3c6,car,2029,cng,0.0059963844744778
352,2029_Audi_S3c6,car,2029,conv,0.0059963844744778
353,2029_Audi_S3c6,car,2029,ev,0.0059963844744778
354,2029_Audi_S3c6,car,2029,fuelcell,0.0059963844744778
355,2029_Audi_S3c6,car,2029,hybrid,0.0059963844744778
356,2029_Audi_S3c6,car,2029,phev,0.0059963844744778
357,2029_Kia_Soulc6,car,2029,fuelcell,0.0118923101964869
358,2029_Tesla_Model_Ye3,suv,2029,ev,0.1349858862072191
359,2029_Tesla_Model_Ye3,suv,2029,ev,0.1349858862072191
360,2029_Tesla_Model_Ye3,suv,2029,ev,0.1349858862072191
361,2029_Tesla_Model_Ye3,suv,2029,ev,0.1349858862072191
362,2029_Tesla_Model_Ye3,suv,2029,ev,0.1349858862072191
363,2029_Tesla_Model_Ye3,suv,2029,ev,0.1349858862072191
364,2029_Ram_1500_4WDc6,truck,2029,phev,0.0062245259212583
365,2029_Ram_1500_4WDc6,truck,2029,fuelcell,0.0062245259212583
366,2029_Toyota_Sienna_2WD,minvan,2029,conv,0.0199835038750534
367,2029_Chrysler_Town_and_Countryc4,minvan,2029,conv,0.0057962853732201
368,2029_Chrysler_Town_and_Countryc4,minvan,2029,phev,0.0057962853732201
369,2029_Chrysler_Town_and_Countryc4,minvan,2029,fuelcell,0.0057962853732201
370,2029_Honda_CR-V_4WDc5,suv,2029,fuelcell,0.0163690116988002
371,2029_Honda_Odysseyc5,minvan,2029,ev,0.0027715132348904
372,2029_Honda_Odysseyc5,minvan,2029,fuelcell,0.0027715132348904
373,2029_Infiniti_QX60_Hybrid_FWD,suv,2029,hybrid,0.0061439916695898
374,2029_Toyota_Prius_v,truck,2029,hybrid,0.000569808038168
375,2029_Buick_LaCrosse_eAssist,car,2029,hybrid,0.019853387082148
376,2029_GMC_Sierra_K15_4WDc2,truck,2029,ev,0.0008794761982014
377,2029_Chevrolet_Silverado_C15_2WD,truck,2029,conv,0.0364214120563631
378,2029_Chevrolet_Silverado_C15_2WD,truck,2029,conv,0.0364214120563631
379,2029_Chevrolet_Silverado_C15_2WD,truck,2029,conv,0.0364214120563631
380,2029_Chevrolet_City_Express_Cargo_Van,van,2029,conv,0.0059949364688634
381,2029_Toyota_Highlander_2WD,suv,2029,conv,0.23134047857953
382,2029_Toyota_Highlander_2WD,suv,2029,conv,0.23134047857953
383,2029_Ford_Fusion_FWD,car,2029,conv,0.3011202266332546
384,2029_Ford_Fusion_FWD,car,2029,conv,0.3011202266332546
385,2029_Ford_Fusion_FWD,car,2029,conv,0.3011202266332546
386,2050_Ram_1500_4WDc6,truck,2050,phev,0.0010949545238895
387,2050_Ram_1500_4WDc6,truck,2050,fuelcell,0.0010949545238895
388,2050_Infiniti_QX60_Hybrid_FWD,suv,2050,hybrid,0.003294690086621
389,2050_Toyota_Camry,car,2050,conv,0.2598965871201014
390,2050_Nissan_Murano_FWDc3,truck,2050,ev,0.0029718571280762
391,2050_Honda_Odysseyc5,minvan,2050,ev,0.0014931747344694
392,2050_Honda_Odysseyc5,minvan,2050,fuelcell,0.0014931747344694
393,2050_Chevrolet_City_Express_Cargo_Van,van,2050,conv,0.004386343614603
394,2050_Buick_Regal_eAssist,car,2050,hybrid,0.0124710884626346
395,2050_Chrysler_Town_and_Countryc4,minvan,2050,conv,0.0024539524771852
396,2050_Chrysler_Town_and_Countryc4,minvan,2050,phev,0.0024539524771852
397,2050_Chrysler_Town_and_Countryc4,minvan,2050,fuelcell,0.0024539524771852
398,2050_Honda_CR-V_4WDc5,suv,2050,fuelcell,0.0140347032982852
399,2050_Toyota_Highlander_2WDc2,suv,2050,conv,0.1326490875606132
400,2050_Toyota_Highlander_2WDc2,suv,2050,phev,0.1326490875606132
401,2050_Toyota_Mirai,car,2050,fuelcell,0.0041993526555299
402,2050_Tesla_Model_Ye3,suv,2050,ev,0.4144263416632367
403,2050_Tesla_Model_Ye3,suv,2050,ev,0.4144263416632367
404,2050_Tesla_Model_Ye3,suv,2050,ev,0.4144263416632367
405,2050_Tesla_Model_Ye3,suv,2050,ev,0.4144263416632367
406,2050_Tesla_Model_Ye3,suv,2050,ev,0.4144263416632367
407,2050_Tesla_Model_Ye3,suv,2050,ev,0.4144263416632367
408,2023_Infiniti_QX60_Hybrid_FWD,suv,2023,hybrid,0.0067527575432801
409,2023_Tesla_Model_Y,suv,2023,ev,0.1454798506109123
410,2023_Ram_1500_4WDc6,truck,2023,phev,0.0028884868942749
411,2023_Toyota_Sienna_2WD,minvan,2023,conv,0.0219353938218988
412,2023_Honda_CR-V_4WDc3,suv,2023,phev,0.0370302987312635
413,2023_Honda_Odysseyc6,minvan,2023,phev,0.0056419903220024
414,2023_Honda_Odysseyc5,minvan,2023,ev,0.0111711173849913
415,2023_Honda_Odysseyc5,minvan,2023,fuelcell,0.0111711173849913
416,2023_Toyota_Highlander_2WD,suv,2023,conv,0.2641435117313775
417,2023_Toyota_Highlander_2WD,suv,2023,conv,0.2641435117313775
418,2023_Chevrolet_Silverado_C15_2WD,truck,2023,conv,0.0501333882774208
419,2023_Chevrolet_Silverado_C15_2WD,truck,2023,conv,0.0501333882774208
420,2023_Chevrolet_Silverado_C15_2WD,truck,2023,conv,0.0501333882774208
421,2023_Toyota_Prius_v,truck,2023,hybrid,0.00065038680174
422,2023_Kia_Optima,car,2023,conv,0.3456373781168418
423,2023_Kia_Optima,car,2023,conv,0.3456373781168418
424,2023_Buick_LaCrosse_eAssist,car,2023,hybrid,0.0215920040855149
425,2023_Kia_Optimac4,car,2023,phev,0.0059533866427864
426,2023_Toyota_RAV4_AWDc4,suv,2023,phev,0.0028729411278356
427,2023_Toyota_RAV4_AWDc4,suv,2023,ev,0.0028729411278356
428,2023_Toyota_RAV4_AWDc4,suv,2023,fuelcell,0.0028729411278356
429,2023_Tesla_Model_3,car,2023,ev,0.0669506392669516
430,2023_Honda_Clarity_FCV,car,2023,fuelcell,0.0021124289413604
431,2023_Chevrolet_City_Express_Cargo_Van,van,2023,conv,0.0065482054225725
432,2026_Subaru_Outback_AWDc2,suv,2026,phev,0.1192029910546094
433,2026_Toyota_Sienna_2WD,minvan,2026,conv,0.0236278066565182
434,2026_Chrysler_200,car,2026,conv,0.3630141794427177
435,2026_Chrysler_200,car,2026,conv,0.3630141794427177
436,2026_Toyota_Prius_v,truck,2026,hybrid,0.0006858670605352
437,2026_Buick_LaCrosse_eAssist,car,2026,hybrid,0.0226814610341578
438,2026_Chrysler_Town_and_Countryc4,minvan,2026,conv,0.0066631740409068
439,2026_Chrysler_Town_and_Countryc4,minvan,2026,phev,0.0066631740409068
440,2026_Chrysler_Town_and_Countryc4,minvan,2026,fuelcell,0.0066631740409068
441,2026_Honda_CR-V_2WDc4,suv,2026,fuelcell,0.0099712649157635
442,2026_Tesla_Model_Ye3,suv,2026,ev,0.0774238378117493
443,2026_Tesla_Model_Ye3,suv,2026,ev,0.0774238378117493
444,2026_Tesla_Model_Ye3,suv,2026,ev,0.0774238378117493
445,2026_Tesla_Model_Ye3,suv,2026,ev,0.0774238378117493
446,2026_Ram_1500_4WDc6,truck,2026,phev,0.0022795986254149
447,2026_Ram_1500_4WDc6,truck,2026,fuelcell,0.0022795986254149
448,2026_Toyota_Highlander_2WD,suv,2026,conv,0.2802092868484596
449,2026_Toyota_Highlander_2WD,suv,2026,conv,0.2802092868484596
450,2026_Honda_Odysseyc5,minvan,2026,ev,0.0021023102320042
451,2026_Honda_Odysseyc5,minvan,2026,fuelcell,0.0021023102320042
452,2026_Toyota_Mirai,car,2026,fuelcell,0.0060806267442474
453,2026_Audi_S3c6,car,2026,cng,0.0048642018513311
454,2026_Audi_S3c6,car,2026,conv,0.0048642018513311
455,2026_Audi_S3c6,car,2026,ev,0.0048642018513311
456,2026_Audi_S3c6,car,2026,fuelcell,0.0048642018513311
457,2026_Audi_S3c6,car,2026,hybrid,0.0048642018513311
458,2026_Audi_S3c6,car,2026,phev,0.0048642018513311
459,2026_Infiniti_QX60_Hybrid_FWD,suv,2026,hybrid,0.0072774445197471
460,2026_Chevrolet_Silverado_K15_4WD,truck,2026,conv,0.0510682773782465
461,2026_Chevrolet_Silverado_K15_4WD,truck,2026,conv,0.0510682773782465
462,2026_Chevrolet_Silverado_K15_4WD,truck,2026,conv,0.0510682773782465
463,2026_Tesla_Model_S_(60_kW-hr_battery_pack),car,2026,ev,0.0126530118596114
464,2026_Chevrolet_City_Express_Cargo_Van,van,2026,conv,0.0070506319850825
465,2025_Toyota_Highlander_2WD,suv,2025,conv,0.2990137386265268
466,2025_Toyota_Highlander_2WD,suv,2025,conv,0.2990137386265268
467,2025_Ram_1500_4WDc6,truck,2025,phev,0.002396194905286
468,2025_Ram_1500_4WDc6,truck,2025,fuelcell,0.002396194905286
469,2025_Audi_S3c6,car,2025,cng,0.0050671355057034
470,2025_Audi_S3c6,car,2025,conv,0.0050671355057034
471,2025_Audi_S3c6,car,2025,ev,0.0050671355057034
472,2025_Audi_S3c6,car,2025,fuelcell,0.0050671355057034
473,2025_Audi_S3c6,car,2025,hybrid,0.0050671355057034
474,2025_Audi_S3c6,car,2025,phev,0.0050671355057034
475,2025_Honda_CR-V_4WDc3,suv,2025,phev,0.0967795428134322
476,2025_Chrysler_200,car,2025,conv,0.3877233959008426
477,2025_Chrysler_200,car,2025,conv,0.3877233959008426
478,2025_Chevrolet_Silverado_K15_4WD,truck,2025,conv,0.0540427392289956
479,2025_Chevrolet_Silverado_K15_4WD,truck,2025,conv,0.0540427392289956
480,2025_Chevrolet_Silverado_K15_4WD,truck,2025,conv,0.0540427392289956
481,2025_Chrysler_Town_and_Countryc4,minvan,2025,conv,0.0069301560879965
482,2025_Chrysler_Town_and_Countryc4,minvan,2025,phev,0.0069301560879965
483,2025_Chrysler_Town_and_Countryc4,minvan,2025,fuelcell,0.0069301560879965
484,2025_Honda_Odysseyc5,minvan,2025,ev,0.0020184591589273
485,2025_Honda_Odysseyc5,minvan,2025,fuelcell,0.0020184591589273
486,2025_Toyota_Prius_v,truck,2025,hybrid,0.0007299836447434
487,2025_Toyota_Sienna_2WD,minvan,2025,conv,0.0250099466381008
488,2025_Tesla_Model_3,car,2025,ev,0.0119431955670003
489,2025_Buick_LaCrosse_eAssist,car,2025,hybrid,0.0242534400932483
490,2025_Toyota_Mirai,car,2025,fuelcell,0.0035171005986266
491,2025_Chevrolet_City_Express_Cargo_Van,van,2025,conv,0.0074513011725924
492,2025_Toyota_RAV4_AWDc4,suv,2025,phev,0.0060292307109337
493,2025_Toyota_RAV4_AWDc4,suv,2025,ev,0.0060292307109337
494,2025_Toyota_RAV4_AWDc4,suv,2025,fuelcell,0.0060292307109337
495,2025_Tesla_Model_Ye3,suv,2025,ev,0.0559797640334035
496,2025_Tesla_Model_Ye3,suv,2025,ev,0.0559797640334035
497,2025_Tesla_Model_Ye3,suv,2025,ev,0.0559797640334035
498,2025_Infiniti_QX60_Hybrid_FWD,suv,2025,hybrid,0.0077011890701107
499,2020_Toyota_Highlander_2WD,suv,2020,conv,0.3240039913031316
500,2020_Toyota_Highlander_2WD,suv,2020,conv,0.3240039913031316
501,2020_Tesla_Model_Y,suv,2020,ev,0.0490854006591675
502,2020_Infiniti_QX60_Hybrid_FWD,suv,2020,hybrid,0.0079463375615452
503,2020_Honda_Odysseyc6,minvan,2020,phev,0.0046833138870146
504,2020_Buick_LaCrosse_eAssist,car,2020,hybrid,0.0259517523256005
505,2020_Honda_Odysseyc5,minvan,2020,ev,0.0087495116043902
506,2020_Honda_CR-V_4WDc3,suv,2020,phev,0.0239020729271383
507,2020_Ram_1500_4WDc6,truck,2020,phev,0.0023100632768672
508,2020_Hyundai_Tucson_Fuel_Cell,suv,2020,fuelcell,0.0002322504395338
509,2020_Toyota_Sienna_2WD,minvan,2020,conv,0.0287158676213715
510,2020_Audi_S3c6,car,2020,cng,0.0027416730664997
511,2020_Audi_S3c6,car,2020,conv,0.0027416730664997
512,2020_Audi_S3c6,car,2020,ev,0.0027416730664997
513,2020_Audi_S3c6,car,2020,fuelcell,0.0027416730664997
514,2020_Audi_S3c6,car,2020,hybrid,0.0027416730664997
515,2020_Audi_S3c6,car,2020,phev,0.0027416730664997
516,2020_Chevrolet_Silverado_C15_2WD,truck,2020,conv,0.0682305940785017
517,2020_Chevrolet_Silverado_C15_2WD,truck,2020,conv,0.0682305940785017
518,2020_Chevrolet_Silverado_C15_2WD,truck,2020,conv,0.0682305940785017
519,2020_Nissan_Altima,car,2020,conv,0.3868289664597457
520,2020_Nissan_Altima,car,2020,conv,0.3868289664597457
521,2020_Honda_Clarity_FCV,car,2020,fuelcell,0.0007093847219264
522,2020_Toyota_Prius_v,truck,2020,hybrid,0.0007913427126879
523,2020_Tesla_Model_S_(60_kW-hr_battery_pack),car,2020,ev,0.0556401046514009
524,2020_Chevrolet_City_Express_Cargo_Van,van,2020,conv,0.0084313498846544
525,2018_Toyota_Mirai,car,2018,fuelcell,0.0012090842429658
526,2018_Toyota_Sienna_2WD,minvan,2018,conv,0.0314849906421778
527,2018_Toyota_Highlander_2WD,suv,2018,conv,0.3283272685039992
528,2018_Toyota_Highlander_2WD,suv,2018,conv,0.3283272685039992
529,2018_Tesla_Model_S_(60_kW-hr_battery_pack),car,2018,ev,0.0869294696366176
530,2018_Toyota_RAV4_AWDc4,suv,2018,phev,0.0306653983454928
531,2018_Infiniti_QX60_Hybrid_FWD,suv,2018,hybrid,0.0080851073854153
532,2018_Ford_Fusion_AWD,car,2018,conv,0.3867681195046281
533,2018_Toyota_Prius_v,truck,2018,hybrid,0.0008742877200614
534,2018_Chevrolet_Silverado_C15_2WD,truck,2018,conv,0.0722408954944916
535,2018_Chevrolet_Silverado_C15_2WD,truck,2018,conv,0.0722408954944916
536,2018_Chevrolet_Silverado_C15_2WD,truck,2018,conv,0.0722408954944916
537,2018_Hyundai_Tucson_Fuel_Cell,suv,2018,fuelcell,0.0006144850537334
538,2018_Chevrolet_Volt,car,2018,phev,0.0042224127364797
539,2018_Chevrolet_City_Express_Cargo_Van,van,2018,conv,0.0092686269885751
540,2018_Tesla_Model_X_AWD_90D,suv,2018,ev,0.0059530246054173
541,2018_Honda_Odysseyc6,minvan,2018,phev,0.0064940860044363
542,2018_Buick_Regal_eAssist,car,2018,hybrid,0.0262180643876887
543,2017_Tesla_Model_S_(60_kW-hr_battery_pack),car,2017,ev,0.0405900408815929
544,2017_Ford_Fusion_AWD,car,2017,conv,0.4135233875243633
545,2017_Toyota_RAV4_AWDc4,suv,2017,phev,0.0248609841005372
546,2017_Toyota_Prius_v,truck,2017,hybrid,0.000971827088851
547,2017_Toyota_Sienna_2WD,minvan,2017,conv,0.0303655363352802
548,2017_Tesla_Model_X_AWD_90D,suv,2017,ev,0.0026864897995051
549,2017_Toyota_Mirai,car,2017,fuelcell,0.000887514855003
550,2017_Chevrolet_Volt,car,2017,phev,0.006983044843322
551,2017_Hyundai_Tucson_Fuel_Cell,suv,2017,fuelcell,0.0004450367103829
552,2017_Buick_Regal_eAssist,car,2017,hybrid,0.0293679640134755
553,2017_Toyota_Highlander_2WD,suv,2017,conv,0.3516539654358222
554,2017_Toyota_Highlander_2WD,suv,2017,conv,0.3516539654358222
555,2017_Infiniti_QX60_Hybrid_FWD,suv,2017,hybrid,0.0090911733920084
556,2017_Chevrolet_City_Express_Cargo_Van,van,2017,conv,0.0104205168439498
557,2017_Chevrolet_Silverado_C15_2WD,truck,2017,conv,0.0774384166608306
558,2017_Chevrolet_Silverado_C15_2WD,truck,2017,conv,0.0774384166608306
559,2017_Chevrolet_Silverado_C15_2WD,truck,2017,conv,0.0774384166608306
560,2041_Chrysler_Town_and_Countryc4,minvan,2041,conv,0.002908928329431
561,2041_Chrysler_Town_and_Countryc4,minvan,2041,phev,0.002908928329431
562,2041_Chrysler_Town_and_Countryc4,minvan,2041,fuelcell,0.002908928329431
563,2041_Ram_1500_4WDc6,truck,2041,phev,0.0030962467727778
564,2041_Ram_1500_4WDc6,truck,2041,fuelcell,0.0030962467727778
565,2041_Honda_Odysseyc5,minvan,2041,ev,0.001712973768236
566,2041_Honda_Odysseyc5,minvan,2041,fuelcell,0.001712973768236
567,2041_Honda_CR-V_4WDc5,suv,2041,fuelcell,0.0152778715099382
568,2041_Toyota_Prius_v,truck,2041,hybrid,0.0004640892999185
569,2041_Buick_Regal_eAssist,car,2041,hybrid,0.0150418824717287
570,2041_Toyota_Highlander_2WDc2,suv,2041,conv,0.1702295212349273
571,2041_Toyota_Highlander_2WDc2,suv,2041,phev,0.1702295212349273
572,2041_Chevrolet_City_Express_Cargo_Van,van,2041,conv,0.005156373876046
573,2041_Toyota_Sienna_2WD,minvan,2041,conv,0.0154322843197203
574,2041_Chevrolet_Silverado_C15_2WD,truck,2041,conv,0.0228825412486156
575,2041_Kia_Soulc6,car,2041,fuelcell,0.0094565091854445
576,2041_Tesla_Model_Ye3,suv,2041,ev,0.3232473572180852
577,2041_Tesla_Model_Ye3,suv,2041,ev,0.3232473572180852
578,2041_Tesla_Model_Ye3,suv,2041,ev,0.3232473572180852
579,2041_Tesla_Model_Ye3,suv,2041,ev,0.3232473572180852
580,2041_Tesla_Model_Ye3,suv,2041,ev,0.3232473572180852
581,2041_Tesla_Model_Ye3,suv,2041,ev,0.3232473572180852
582,2041_Honda_Accord,car,2041,conv,0.2785915534869398
583,2041_Honda_Accord,car,2041,conv,0.2785915534869398
584,2038_Chrysler_Town_and_Countryc4,minvan,2038,conv,0.0031008480209192
585,2038_Chrysler_Town_and_Countryc4,minvan,2038,phev,0.0031008480209192
586,2038_Chrysler_Town_and_Countryc4,minvan,2038,fuelcell,0.0031008480209192
587,2038_Toyota_Mirai,car,2038,fuelcell,0.0099410383856628
588,2038_Chevrolet_Malibu,car,2038,conv,0.2871012501633584
589,2038_Tesla_Model_Ye3,suv,2038,ev,0.2820091840336945
590,2038_Tesla_Model_Ye3,suv,2038,ev,0.2820091840336945
591,2038_Tesla_Model_Ye3,suv,2038,ev,0.2820091840336945
592,2038_Tesla_Model_Ye3,suv,2038,ev,0.2820091840336945
593,2038_Tesla_Model_Ye3,suv,2038,ev,0.2820091840336945
594,2038_Tesla_Model_Ye3,suv,2038,ev,0.2820091840336945
595,2038_Honda_Odysseyc5,minvan,2038,ev,0.0025823088339195
596,2038_Honda_Odysseyc5,minvan,2038,fuelcell,0.0025823088339195
597,2038_Toyota_Sienna_2WD,minvan,2038,conv,0.0165369482027704
598,2038_Toyota_Highlander_2WDc2,suv,2038,conv,0.1865860218546305
599,2038_Toyota_Highlander_2WDc2,suv,2038,phev,0.1865860218546305
600,2038_Ram_1500_4WDc6,truck,2038,phev,0.0033047628320426
601,2038_Ram_1500_4WDc6,truck,2038,fuelcell,0.0033047628320426
602,2038_Infiniti_QX60_Hybrid_FWD,suv,2038,hybrid,0.0047717556828321
603,2038_Chevrolet_City_Express_Cargo_Van,van,2038,conv,0.0055046203243054
604,2038_Toyota_Tundra_2WDc2,truck,2038,ev,0.002645358400202
605,2038_Honda_CR-V_4WDc5,suv,2038,fuelcell,0.0155022827590755
606,2038_Buick_LaCrosse_eAssist,car,2038,hybrid,0.0170641219421248
607,2038_Chevrolet_Silverado_C15_2WD,truck,2038,conv,0.0259312491496363
608,2038_Toyota_Prius_v,truck,2038,hybrid,0.000498215039739
609,2044_Ram_1500_4WDc6,truck,2044,phev,0.0034450873617185
610,2044_Ram_1500_4WDc6,truck,2044,fuelcell,0.0034450873617185
611,2044_Honda_Odysseyc5,minvan,2044,ev,0.0024318792953589
612,2044_Honda_Odysseyc5,minvan,2044,fuelcell,0.0024318792953589
613,2044_Chrysler_Town_and_Countryc4,minvan,2044,conv,0.002743387423248
614,2044_Chrysler_Town_and_Countryc4,minvan,2044,phev,0.002743387423248
615,2044_Chrysler_Town_and_Countryc4,minvan,2044,fuelcell,0.002743387423248
616,2044_Tesla_Model_Ye3,suv,2044,ev,0.3568467157318375
617,2044_Tesla_Model_Ye3,suv,2044,ev,0.3568467157318375
618,2044_Tesla_Model_Ye3,suv,2044,ev,0.3568467157318375
619,2044_Tesla_Model_Ye3,suv,2044,ev,0.3568467157318375
620,2044_Tesla_Model_Ye3,suv,2044,ev,0.3568467157318375
621,2044_Tesla_Model_Ye3,suv,2044,ev,0.3568467157318375
622,2044_Kia_Soulc6,car,2044,fuelcell,0.0082364151566134
623,2044_Infiniti_QX60_Hybrid_FWD,suv,2044,hybrid,0.0038223270372122
624,2044_Chevrolet_City_Express_Cargo_Van,van,2044,conv,0.0048629483951654
625,2044_Toyota_Sienna_2WD,minvan,2044,conv,0.0144721441106581
626,2044_Volkswagen_Passat,car,2044,conv,0.2724003431745177
627,2044_Volkswagen_Passat,car,2044,conv,0.2724003431745177
628,2044_Toyota_Highlander_2WDc2,suv,2044,conv,0.1521730240130412
629,2044_Toyota_Highlander_2WDc2,suv,2044,phev,0.1521730240130412
630,2044_Honda_CR-V_4WDc5,suv,2044,fuelcell,0.014933583941354
631,2044_Chevrolet_Silverado_C15_2WD,truck,2044,conv,0.0221252525832936
632,2044_Buick_Regal_eAssist,car,2044,hybrid,0.013818828686379
633,2032_Toyota_Prius_v,truck,2032,hybrid,0.0004803629190947
634,2032_Ford_Fusion_FWD,car,2032,conv,0.2542870432456781
635,2032_Ford_Fusion_FWD,car,2032,conv,0.2542870432456781
636,2032_Ford_Fusion_FWD,car,2032,conv,0.2542870432456781
637,2032_Honda_Odysseyc5,minvan,2032,ev,0.0029382918375476
638,2032_Honda_Odysseyc5,minvan,2032,fuelcell,0.0029382918375476
639,2032_Buick_LaCrosse_eAssist,car,2032,hybrid,0.0175811471041479
640,2032_Honda_CR-V_2WDc4,suv,2032,fuelcell,0.0195066756556743
641,2032_Toyota_Sienna_2WD,minvan,2032,conv,0.0160388301463442
642,2032_Ram_1500_4WDc6,truck,2032,phev,0.0006919082299472
643,2032_Ram_1500_4WDc6,truck,2032,fuelcell,0.0006919082299472
644,2032_Toyota_Mirai,car,2032,fuelcell,0.0143678917472202
645,2032_Chrysler_Town_and_Countryc4,minvan,2032,conv,0.0049686262880441
646,2032_Chrysler_Town_and_Countryc4,minvan,2032,phev,0.0049686262880441
647,2032_Chrysler_Town_and_Countryc4,minvan,2032,fuelcell,0.0049686262880441
648,2032_Infiniti_QX60_Hybrid_FWD,suv,2032,hybrid,0.0052120108626378
649,2032_Tesla_Model_Ye3,suv,2032,ev,0.2283756510358484
650,2032_Tesla_Model_Ye3,suv,2032,ev,0.2283756510358484
651,2032_Tesla_Model_Ye3,suv,2032,ev,0.2283756510358484
652,2032_Tesla_Model_Ye3,suv,2032,ev,0.2283756510358484
653,2032_Tesla_Model_Ye3,suv,2032,ev,0.2283756510358484
654,2032_Tesla_Model_Ye3,suv,2032,ev,0.2283756510358484
655,2032_GMC_Acadia_FWD,suv,2032,conv,0.1892161699385386
656,2032_Chevrolet_City_Express_Cargo_Van,van,2032,conv,0.0051265710904524
657,2032_Chevrolet_Silverado_C15_2WD,truck,2032,conv,0.0290028651733047
658,2037_Tesla_Model_Ye3,suv,2037,ev,0.2684826266300921
659,2037_Tesla_Model_Ye3,suv,2037,ev,0.2684826266300921
660,2037_Tesla_Model_Ye3,suv,2037,ev,0.2684826266300921
661,2037_Tesla_Model_Ye3,suv,2037,ev,0.2684826266300921
662,2037_Tesla_Model_Ye3,suv,2037,ev,0.2684826266300921
663,2037_Tesla_Model_Ye3,suv,2037,ev,0.2684826266300921
664,2037_Honda_Odysseyc5,minvan,2037,ev,0.0026095532354874
665,2037_Honda_Odysseyc5,minvan,2037,fuelcell,0.0026095532354874
666,2037_Toyota_Mirai,car,2037,fuelcell,0.0108831637066395
667,2037_Toyota_Sienna_2WD,minvan,2037,conv,0.0169922018547746
668,2037_Honda_CR-V_4WDc5,suv,2037,fuelcell,0.015546457837968
669,2037_Chevrolet_Silverado_C15_2WD,truck,2037,conv,0.0266719430439951
670,2037_Buick_LaCrosse_eAssist,car,2037,hybrid,0.0174889759375379
671,2037_Chrysler_Town_and_Countryc4,minvan,2037,conv,0.0031697601583176
672,2037_Chrysler_Town_and_Countryc4,minvan,2037,phev,0.0031697601583176
673,2037_Chrysler_Town_and_Countryc4,minvan,2037,fuelcell,0.0031697601583176
674,2037_Ram_1500_4WDc6,truck,2037,phev,0.0006058455565628
675,2037_Ram_1500_4WDc6,truck,2037,fuelcell,0.0006058455565628
676,2037_Toyota_Prius_v,truck,2037,hybrid,0.0005105639456011
677,2037_Toyota_Highlander_2WDc2,suv,2037,conv,0.1915382621319558
678,2037_Toyota_Highlander_2WDc2,suv,2037,phev,0.1915382621319558
679,2037_Toyota_Tundra_2WDc2,truck,2037,ev,0.0022651295883049
680,2037_Chevrolet_Malibu,car,2037,conv,0.2895095525223831
681,2037_Chevrolet_City_Express_Cargo_Van,van,2037,conv,0.0056425458912619
682,2016_Ford_Fusion_AWD,car,2016,conv,0.4112687103735996
683,2016_Chevrolet_Silverado_C15_2WD,truck,2016,conv,0.0824876597057831
684,2016_Chevrolet_Silverado_C15_2WD,truck,2016,conv,0.0824876597057831
685,2016_Chevrolet_Silverado_C15_2WD,truck,2016,conv,0.0824876597057831
686,2016_Infiniti_QX60_Hybrid_FWD,suv,2016,hybrid,0.0092148220541846
687,2016_Tesla_Model_X_AWD_90D,suv,2016,ev,0.0056266292473837
688,2016_Toyota_Sienna_2WD,minvan,2016,conv,0.0323874220396062
689,2016_Toyota_Mirai,car,2016,fuelcell,0.0006726510675623
690,2016_Buick_Regal_eAssist,car,2016,hybrid,0.0293777142261344
691,2016_Toyota_Prius_v,truck,2016,hybrid,0.0009552275539751
692,2016_Chevrolet_City_Express_Cargo_Van,van,2016,conv,0.0111250325140776
693,2016_Chevrolet_Volt,car,2016,phev,0.0257507050299362
694,2016_Porsche_Cayenne_S_e-Hybrid,suv,2016,phev,2.946786999867911e-06
695,2016_Tesla_Model_S_70D,car,2016,ev,0.0341207030807654
696,2016_Toyota_Highlander_2WD,suv,2016,conv,0.356372159546565
697,2016_Toyota_Highlander_2WD,suv,2016,conv,0.356372159546565
698,2024_Buick_LaCrosse_eAssist,car,2024,hybrid,0.0222030552871738
699,2024_Honda_Clarity_FCV,car,2024,fuelcell,0.0026232713664159
700,2024_Nissan_Rogue_AWDc6,suv,2024,ev,0.1125658278140967
701,2024_Toyota_Highlander_2WD,suv,2024,conv,0.2742179828608093
702,2024_Toyota_Highlander_2WD,suv,2024,conv,0.2742179828608093
703,2024_Infiniti_QX60_Hybrid_FWD,suv,2024,hybrid,0.0070197146931291
704,2024_Toyota_RAV4_AWDc4,suv,2024,phev,0.0060347111023115
705,2024_Toyota_RAV4_AWDc4,suv,2024,ev,0.0060347111023115
706,2024_Toyota_RAV4_AWDc4,suv,2024,fuelcell,0.0060347111023115
707,2024_Honda_Odysseyc5,minvan,2024,ev,0.0065194225887563
708,2024_Honda_Odysseyc5,minvan,2024,fuelcell,0.0065194225887563
709,2024_Ram_1500_4WDc6,truck,2024,phev,0.0026823518071025
710,2024_Honda_CR-V_4WDc3,suv,2024,phev,0.0750027754107438
711,2024_Tesla_Model_3,car,2024,ev,0.0404953665628423
712,2024_Chevrolet_City_Express_Cargo_Van,van,2024,conv,0.0067684045383652
713,2024_Kia_Optima,car,2024,conv,0.3543058019254752
714,2024_Kia_Optima,car,2024,conv,0.3543058019254752
715,2024_Audi_S3c6,car,2024,cng,0.0056504865246586
716,2024_Audi_S3c6,car,2024,conv,0.0056504865246586
717,2024_Audi_S3c6,car,2024,ev,0.0056504865246586
718,2024_Audi_S3c6,car,2024,fuelcell,0.0056504865246586
719,2024_Audi_S3c6,car,2024,hybrid,0.0056504865246586
720,2024_Audi_S3c6,car,2024,phev,0.0056504865246586
721,2024_Toyota_Prius_v,truck,2024,hybrid,0.0006684664232473
722,2024_Toyota_Sienna_2WD,minvan,2024,conv,0.0227035736237605
723,2024_Chevrolet_Silverado_K15_4WD,truck,2024,conv,0.0490102667744536
724,2024_Chevrolet_Silverado_K15_4WD,truck,2024,conv,0.0490102667744536
725,2024_Chevrolet_Silverado_K15_4WD,truck,2024,conv,0.0490102667744536
726,2024_Chrysler_Town_and_Countryc4,minvan,2024,conv,0.0077246857194561
727,2024_Chrysler_Town_and_Countryc4,minvan,2024,phev,0.0077246857194561
728,2024_Chrysler_Town_and_Countryc4,minvan,2024,fuelcell,0.0077246857194561
729,2019_Toyota_Highlander_2WD,suv,2019,conv,0.3278213434285188
730,2019_Toyota_Highlander_2WD,suv,2019,conv,0.3278213434285188
731,2019_Honda_Odysseyc5,minvan,2019,ev,0.0086092855071985
732,2019_Toyota_RAV4_AWDc4,suv,2019,phev,0.0173197281723589
733,2019_Toyota_RAV4_AWDc4,suv,2019,ev,0.0173197281723589
734,2019_Buick_LaCrosse_eAssist,car,2019,hybrid,0.0279485263596213
735,2019_Honda_Clarity_FCV,car,2019,fuelcell,0.0011569749666232
736,2019_Ram_1500_4WDc6,truck,2019,phev,0.0025703195675492
737,2019_Honda_Odysseyc6,minvan,2019,phev,0.0051370215915404
738,2019_Chevrolet_Silverado_C15_2WD,truck,2019,conv,0.0674575845936543
739,2019_Chevrolet_Silverado_C15_2WD,truck,2019,conv,0.0674575845936543
740,2019_Chevrolet_Silverado_C15_2WD,truck,2019,conv,0.0674575845936543
741,2019_Toyota_Sienna_2WD,minvan,2019,conv,0.0299261289292713
742,2019_Audi_S3c6,car,2019,cng,0.0029493000911137
743,2019_Audi_S3c6,car,2019,conv,0.0029493000911137
744,2019_Audi_S3c6,car,2019,ev,0.0029493000911137
745,2019_Audi_S3c6,car,2019,fuelcell,0.0029493000911137
746,2019_Audi_S3c6,car,2019,hybrid,0.0029493000911137
747,2019_Audi_S3c6,car,2019,phev,0.0029493000911137
748,2019_Honda_CR-V_4WDc3,suv,2019,phev,0.0258650880504686
749,2019_Tesla_Model_S_(60_kW-hr_battery_pack),car,2019,ev,0.0667088561989215
750,2019_Infiniti_QX60_Hybrid_FWD,suv,2019,hybrid,0.0083133600380019
751,2019_Toyota_Prius_v,truck,2019,hybrid,0.000869938534031
752,2019_Chevrolet_Malibu,car,2019,conv,0.3967855461488694
753,2019_Chevrolet_Malibu,car,2019,conv,0.3967855461488694
754,2019_Chevrolet_City_Express_Cargo_Van,van,2019,conv,0.0090201340475242
755,2019_Hyundai_Tucson_Fuel_Cell,suv,2019,fuelcell,0.0003685026700141
756,2021_Honda_Clarity_FCV,car,2021,fuelcell,0.0019155923322876
757,2021_Toyota_Highlander_2WD,suv,2021,conv,0.2914717599908626
758,2021_Toyota_Highlander_2WD,suv,2021,conv,0.2914717599908626
759,2021_Honda_CR-V_4WDc3,suv,2021,phev,0.0322924267854439
760,2021_Tesla_Model_Y,suv,2021,ev,0.0872382799111158
761,2021_Tesla_Model_S_(60_kW-hr_battery_pack),car,2021,ev,0.0625712756514243
762,2021_Kia_Optima,car,2021,conv,0.3702058454541801
763,2021_Kia_Optima,car,2021,conv,0.3702058454541801
764,2021_Chevrolet_Silverado_C15_2WD,truck,2021,conv,0.0587174813422345
765,2021_Chevrolet_Silverado_C15_2WD,truck,2021,conv,0.0587174813422345
766,2021_Chevrolet_Silverado_C15_2WD,truck,2021,conv,0.0587174813422345
767,2021_Honda_Odysseyc5,minvan,2021,ev,0.012623598831325
768,2021_Ram_1500_4WDc6,truck,2021,phev,0.0027294082540413
769,2021_Honda_Odysseyc6,minvan,2021,phev,0.0051509413507948
770,2021_Toyota_Prius_v,truck,2021,hybrid,0.0008120975435832
771,2021_Kia_Optimac4,car,2021,phev,0.0059269253453681
772,2021_Chevrolet_City_Express_Cargo_Van,van,2021,conv,0.0076792100877539
773,2021_Infiniti_QX60_Hybrid_FWD,suv,2021,hybrid,0.0079031011468855
774,2021_Buick_LaCrosse_eAssist,car,2021,hybrid,0.0262566761711619
775,2021_Toyota_Sienna_2WD,minvan,2021,conv,0.0248269504950629
776,2021_Hyundai_Tucson_Fuel_Cell,suv,2021,fuelcell,0.0006137147071197
777,2033_Chrysler_Town_and_Countryc4,minvan,2033,conv,0.0035356414987269
778,2033_Chrysler_Town_and_Countryc4,minvan,2033,phev,0.0035356414987269
779,2033_Chrysler_Town_and_Countryc4,minvan,2033,fuelcell,0.0035356414987269
780,2033_Infiniti_QX60_Hybrid_FWD,suv,2033,hybrid,0.005948949893008
781,2033_Ford_Fusion_FWD,car,2033,conv,0.304332143810786
782,2033_Ford_Fusion_FWD,car,2033,conv,0.304332143810786
783,2033_Ford_Fusion_FWD,car,2033,conv,0.304332143810786
784,2033_Honda_Odysseyc5,minvan,2033,ev,0.0022597319708718
785,2033_Honda_Odysseyc5,minvan,2033,fuelcell,0.0022597319708718
786,2033_Audi_S3c6,car,2033,conv,0.0046889441744093
787,2033_Audi_S3c6,car,2033,fuelcell,0.0046889441744093
788,2033_Audi_S3c6,car,2033,hybrid,0.0046889441744093
789,2033_Audi_S3c6,car,2033,phev,0.0046889441744093
790,2033_Chevrolet_Silverado_C15_2WD,truck,2033,conv,0.0324858238722552
791,2033_Buick_Regal_eAssist,car,2033,hybrid,0.0207752398060601
792,2033_Ram_1500_4WDc6,truck,2033,phev,0.00056797577808
793,2033_Ram_1500_4WDc6,truck,2033,fuelcell,0.00056797577808
794,2033_Lexus_ES_350c3,car,2033,ev,0.022102879296462
795,2033_Toyota_Mirai,car,2033,fuelcell,0.0105930512924846
796,2033_Chevrolet_City_Express_Cargo_Van,van,2033,conv,0.0062250854736553
797,2033_Tesla_Model_Ye3,suv,2033,ev,0.2032923132318509
798,2033_Tesla_Model_Ye3,suv,2033,ev,0.2032923132318509
799,2033_Tesla_Model_Ye3,suv,2033,ev,0.2032923132318509
800,2033_Tesla_Model_Ye3,suv,2033,ev,0.2032923132318509
801,2033_Tesla_Model_Ye3,suv,2033,ev,0.2032923132318509
802,2033_Tesla_Model_Ye3,suv,2033,ev,0.2032923132318509
803,2033_Toyota_Prius_v,truck,2033,hybrid,0.0005757627348561
804,2033_Honda_CR-V_4WDc5,suv,2033,fuelcell,0.0147995951491221
805,2033_Toyota_Highlander_2WD,suv,2033,conv,0.2177167587747957
806,2033_Toyota_Highlander_2WD,suv,2033,conv,0.2177167587747957
807,2033_Toyota_Sienna_2WD,minvan,2033,conv,0.0189435764820397
808,2036_Tesla_Model_Ye3,suv,2036,ev,0.252851016256819
809,2036_Tesla_Model_Ye3,suv,2036,ev,0.252851016256819
810,2036_Tesla_Model_Ye3,suv,2036,ev,0.252851016256819
811,2036_Tesla_Model_Ye3,suv,2036,ev,0.252851016256819
812,2036_Tesla_Model_Ye3,suv,2036,ev,0.252851016256819
813,2036_Tesla_Model_Ye3,suv,2036,ev,0.252851016256819
814,2036_Buick_LaCrosse_eAssist,car,2036,hybrid,0.017938807392597
815,2036_Toyota_Prius_v,truck,2036,hybrid,0.0005236014101622
816,2036_Honda_CR-V_4WDc5,suv,2036,fuelcell,0.0155703315584509
817,2036_Honda_Odysseyc5,minvan,2036,ev,0.0026174440486197
818,2036_Honda_Odysseyc5,minvan,2036,fuelcell,0.0026174440486197
819,2036_Chrysler_Town_and_Countryc4,minvan,2036,conv,0.0032428844233961
820,2036_Chrysler_Town_and_Countryc4,minvan,2036,phev,0.0032428844233961
821,2036_Chrysler_Town_and_Countryc4,minvan,2036,fuelcell,0.0032428844233961
822,2036_Ram_1500_4WDc6,truck,2036,phev,0.0034593617877373
823,2036_Ram_1500_4WDc6,truck,2036,fuelcell,0.0034593617877373
824,2036_Chevrolet_City_Express_Cargo_Van,van,2036,conv,0.0057772681017293
825,2036_Chevrolet_Malibu,car,2036,conv,0.2937204085532483
826,2036_Chevrolet_Malibu,car,2036,conv,0.2937204085532483
827,2036_Toyota_Mirai,car,2036,fuelcell,0.0109942516493059
828,2036_Chevrolet_Silverado_C15_2WD,truck,2036,conv,0.0273887376923792
829,2036_Toyota_Highlander_2WDc2,suv,2036,conv,0.1974060056582016
830,2036_Toyota_Highlander_2WDc2,suv,2036,phev,0.1974060056582016
831,2036_Infiniti_QX60_Hybrid_FWD,suv,2036,hybrid,0.0053598185990971
832,2036_Toyota_Sienna_2WD,minvan,2036,conv,0.0174322398401508
833,2036_Toyota_Tundra_2WDc2,truck,2036,ev,0.0019962222734102
834,2040_Honda_CR-V_4WDc5,suv,2040,fuelcell,0.0153977134813412
835,2040_Honda_Odysseyc5,minvan,2040,ev,0.001740388846039
836,2040_Honda_Odysseyc5,minvan,2040,fuelcell,0.001740388846039
837,2040_Chevrolet_City_Express_Cargo_Van,van,2040,conv,0.0052620488824205
838,2040_Toyota_Highlander_2WDc2,suv,2040,conv,0.1760854851723919
839,2040_Toyota_Highlander_2WDc2,suv,2040,phev,0.1760854851723919
840,2040_Subaru_Legacy_AWD,car,2040,conv,0.2805260827899946
841,2040_Ram_1500_4WDc6,truck,2040,phev,0.0006430346144884
842,2040_Ram_1500_4WDc6,truck,2040,fuelcell,0.0006430346144884
843,2040_Toyota_Tundra_2WDc2,truck,2040,ev,0.0025608672820636
844,2040_Buick_Regal_eAssist,car,2040,hybrid,0.0153741013447687
845,2040_Chrysler_Town_and_Countryc4,minvan,2040,conv,0.002967695225567
846,2040_Chrysler_Town_and_Countryc4,minvan,2040,phev,0.002967695225567
847,2040_Chrysler_Town_and_Countryc4,minvan,2040,fuelcell,0.002967695225567
848,2040_Tesla_Model_Ye3,suv,2040,ev,0.3101629970256707
849,2040_Tesla_Model_Ye3,suv,2040,ev,0.3101629970256707
850,2040_Tesla_Model_Ye3,suv,2040,ev,0.3101629970256707
851,2040_Tesla_Model_Ye3,suv,2040,ev,0.3101629970256707
852,2040_Tesla_Model_Ye3,suv,2040,ev,0.3101629970256707
853,2040_Tesla_Model_Ye3,suv,2040,ev,0.3101629970256707
854,2040_Kia_Soulc6,car,2040,fuelcell,0.0095468474627465
855,2040_Chevrolet_Silverado_C15_2WD,truck,2040,conv,0.0247124224750448
856,2040_Toyota_Sienna_2WD,minvan,2040,conv,0.0157717162737133
857,2040_Toyota_Prius_v,truck,2040,hybrid,0.0004743815080252
858,2039_Chevrolet_Malibu,car,2039,conv,0.2839729787160168
859,2039_Kia_Soulc6,car,2039,fuelcell,0.009633313941557
860,2039_Chevrolet_Silverado_C15_2WD,truck,2039,conv,0.0253541651160811
861,2039_Ram_1500_4WDc6,truck,2039,phev,0.0032304085143392
862,2039_Ram_1500_4WDc6,truck,2039,fuelcell,0.0032304085143392
863,2039_Tesla_Model_Ye3,suv,2039,ev,0.2971582163791819
864,2039_Tesla_Model_Ye3,suv,2039,ev,0.2971582163791819
865,2039_Tesla_Model_Ye3,suv,2039,ev,0.2971582163791819
866,2039_Tesla_Model_Ye3,suv,2039,ev,0.2971582163791819
867,2039_Tesla_Model_Ye3,suv,2039,ev,0.2971582163791819
868,2039_Tesla_Model_Ye3,suv,2039,ev,0.2971582163791819
869,2039_Chrysler_Town_and_Countryc4,minvan,2039,conv,0.003032280119219
870,2039_Chrysler_Town_and_Countryc4,minvan,2039,phev,0.003032280119219
871,2039_Chrysler_Town_and_Countryc4,minvan,2039,fuelcell,0.003032280119219
872,2039_Toyota_Prius_v,truck,2039,hybrid,0.0004859127861225
873,2039_Honda_Odysseyc5,minvan,2039,ev,0.0025542889941937
874,2039_Honda_Odysseyc5,minvan,2039,fuelcell,0.0025542889941937
875,2039_Honda_CR-V_4WDc5,suv,2039,fuelcell,0.0154623394228413
876,2039_Toyota_Highlander_2WDc2,suv,2039,conv,0.1819420850834025
877,2039_Toyota_Highlander_2WDc2,suv,2039,phev,0.1819420850834025
878,2039_Buick_Regal_eAssist,car,2039,hybrid,0.0157474299153057
879,2039_Toyota_Tundra_2WDc2,truck,2039,ev,0.0026032180908334
880,2039_Toyota_Sienna_2WD,minvan,2039,conv,0.0161698485880074
881,2039_Chevrolet_City_Express_Cargo_Van,van,2039,conv,0.005384983052797
882,2045_Honda_Odysseyc5,minvan,2045,ev,0.0024068911094666
883,2045_Honda_Odysseyc5,minvan,2045,fuelcell,0.0024068911094666
884,2045_Chevrolet_City_Express_Cargo_Van,van,2045,conv,0.0047723021247067
885,2045_Ram_1500_4WDc6,truck,2045,phev,0.0033746312687675
886,2045_Ram_1500_4WDc6,truck,2045,fuelcell,0.0033746312687675
887,2045_Tesla_Model_Ye3,suv,2045,ev,0.3687787526423403
888,2045_Tesla_Model_Ye3,suv,2045,ev,0.3687787526423403
889,2045_Tesla_Model_Ye3,suv,2045,ev,0.3687787526423403
890,2045_Tesla_Model_Ye3,suv,2045,ev,0.3687787526423403
891,2045_Tesla_Model_Ye3,suv,2045,ev,0.3687787526423403
892,2045_Tesla_Model_Ye3,suv,2045,ev,0.3687787526423403
893,2045_Kia_Soulc6,car,2045,fuelcell,0.0081588542208778
894,2045_Toyota_Camry,car,2045,conv,0.2686743012743093
895,2045_Toyota_Highlander_2WDc2,suv,2045,conv,0.1482949603373649
896,2045_Toyota_Highlander_2WDc2,suv,2045,phev,0.1482949603373649
897,2045_Chrysler_Town_and_Countryc4,minvan,2045,conv,0.0026884512327643
898,2045_Chrysler_Town_and_Countryc4,minvan,2045,phev,0.0026884512327643
899,2045_Chrysler_Town_and_Countryc4,minvan,2045,fuelcell,0.0026884512327643
900,2045_Honda_CR-V_4WDc5,suv,2045,fuelcell,0.0148011446589852
901,2045_Toyota_Sienna_2WD,minvan,2045,conv,0.0141782120126048
902,2045_Buick_Regal_eAssist,car,2045,hybrid,0.0135207296556683
